"sid","userid","retweetOfId","gid","mid_num","idstr","text","source","create_at","reposts_count","comments_count","attitude_count","favorited","truncated","bmiddle_pic"
"3827147552668678","1774800467",NULL,NULL,"3827147552668678","3827147552668678","【为股民点灯，为公司敲钟：盘点股市里的那些愚人愚事】从湘鄂情更名而来的中科云网，血管里仍然流淌着“湘鄂情”的血液，仍然保持着“故事大王”的本色。就连一向平淡无奇、很难讲出“故事”来的股东大会，该公司也能讲出“奇葩”来。http://t.cn/RAtxZRl","<a href=""http://app.weibo.com/t/feed/BbsPZ"" rel=""nofollow"">投资界</a>","Thu Apr 02 11:49:04 +0800 2015","0","0","1",NULL,NULL,"http://ww1.sinaimg.cn/bmiddle/69c94e53jw1eqr2xpyfxej20dw09daaw.jpg"
"3827253886822570","2820974483",NULL,NULL,"3827253886822570","3827253886822570","想说的都在照片上  #标记生活的美好# 来自@nice，去看一下 http://t.cn/RAts6mm","<a href=""http://app.weibo.com/t/feed/W8CDd"" rel=""nofollow"">nice</a>","Thu Apr 02 18:51:35 +0800 2015","0","0","0",NULL,NULL,"http://ww4.sinaimg.cn/bmiddle/a824a793jw1eqrf5cqs6aj20hs0hsgp4.jpg"
"3827259137580245","5103578591",NULL,NULL,"3827259137580245","3827259137580245","树洞君我给你的私信发没咯","<a href=""http://app.weibo.com/t/feed/3722nD"" rel=""nofollow"">微博树洞</a>","Thu Apr 02 19:12:28 +0800 2015","0","0","29",NULL,NULL,NULL
"3827267463802813","1819318401",NULL,NULL,"3827267463802813","3827267463802813","【LIVE！丁俊晖VS马克-威廉姆斯】丁俊晖来到福地北京，终于止住下滑颓势，以两个5-1接连淘汰坎贝尔与戴维斯，渐入佳境强势杀进16强。1/8决赛，丁俊晖对阵金左手马克-威廉姆斯，胜者将在1/4决赛对阵特鲁姆普与希金斯的胜者。央视网体育正在视频直播本场比赛，敬请关注！【直播地址】http://t.cn/a1Klxk","<a href=""http://app.weibo.com/t/feed/1tqBja"" rel=""nofollow"">360安全浏览器</a>","Thu Apr 02 19:45:33 +0800 2015","0","0","4",NULL,NULL,"http://ww2.sinaimg.cn/bmiddle/6c709881gw1eqrgph78ylj20c80bqgmw.jpg"
"3827462876674793","1774800467",NULL,NULL,"3827462876674793","3827462876674793","【“淡定”古永锵：我很温和，但咬起人来也挺疼 不追逐资本市场热门】古永锵一身休闲装扮，面对摄像机镜头，有些不自然地放下一直拢到了胳膊的衬衣袖口。在助推搜狐上市及优酷并购土豆前后的数年时间里，古永锵成功的同时也为自己烙下精明果断的银行家形象。","<a href=""http://app.weibo.com/t/feed/BbsPZ"" rel=""nofollow"">投资界</a>","Fri Apr 03 08:42:03 +0800 2015","0","0","2",NULL,NULL,"http://ww3.sinaimg.cn/bmiddle/69c94e53jw1eqs35ftkg6j20hs09waaf.jpg"
"3827534846724828","1774800467",NULL,NULL,"3827534846724828","3827534846724828","【广发证券成香饽饽：比H股IPO认购还火爆 中民投、众险资争相抢“肉”】相比H股IPO认购的火爆，认购广发证券的几个大机构同样引人注目。在市场人士看来，无论是中民投、富邦保险和安邦保险，三者有争夺广发证券的控制权的嫌疑。广发证券的股权为何如此吸引这么多大资金青睐？http://t.cn/RAcWT2T","<a href=""http://app.weibo.com/t/feed/BbsPZ"" rel=""nofollow"">投资界</a>","Fri Apr 03 13:28:02 +0800 2015","0","0","4",NULL,NULL,"http://ww4.sinaimg.cn/bmiddle/69c94e53jw1eqsbf05uo7j20go09oq3e.jpg"
"3827554488163832","1774800467",NULL,NULL,"3827554488163832","3827554488163832","【论一个好平板的“基本修养”：平板君，你可知道“你是我的眼”】早些年遇到景区抱着大大的IPAD照相的游客我绝对对其嗤之以鼻，笑话其装13而且傻缺，但是时至今日越来越多的人双手离不开平板，免不了用板板随手一拍，平板君的屏幕显示水准和摄像头成像能力不得不被当成刚需。http://t.cn/RAcleKN","<a href=""http://app.weibo.com/t/feed/BbsPZ"" rel=""nofollow"">投资界</a>","Fri Apr 03 14:46:05 +0800 2015","0","0","3",NULL,NULL,"http://ww2.sinaimg.cn/bmiddle/69c94e53jw1eqsdo6txmlj20c8709kjm.jpg"
"3827557357247139","2618638282",NULL,NULL,"3827557357247139","3827557357247139","#岳麓峰会#【徐少春:前22年是""破茧化蝶"" 未来10年要""蝶变成金""】从互联网到移动互联网，再到移动互联网+，作为产业大佬，52岁徐少春始终拥有着一颗“90后”的心。他认为90后追最有颠覆性，最能代表互联网时代。如今他怀着家乡情，引领了金蝶回湖南筑巢，努力实现着他的""金蝶梦""。http://t.cn/RAcFVM1","<a href=""http://app.weibo.com/t/feed/1Hrd5z"" rel=""nofollow"">VDong社交管理</a>","Fri Apr 03 14:57:28 +0800 2015","0","0","0",NULL,NULL,"http://ww2.sinaimg.cn/bmiddle/9c153fcajw1eqse02ngxlj20dw0990ue.jpg"
"3827559081410297","2820974483",NULL,NULL,"3827559081410297","3827559081410297","Why do nice people to choose the wrong people to date?","<a href=""http://app.weibo.com/t/feed/4ACxed"" rel=""nofollow"">iPad客户端</a>","Fri Apr 03 15:04:20 +0800 2015","0","0","0",NULL,NULL,"http://ww4.sinaimg.cn/bmiddle/a824a793jw1eqse77c1b8j218g0xcwk0.jpg"
"3827567578168568","2357213493",NULL,NULL,"3827567578168568","3827567578168568","【看大数据的#飞轮效应#如何盘活企业运行的四个基本模块】这是一个神奇的“飞轮”，也许能解救被互联网焦虑困扰的人们。它指只要能够利用客户数据为第三方开发出增值服务，就能支持公司持续地、免费地为客户提供更多的服务...... http://t.cn/RAc8xRf ","<a href=""http://app.weibo.com/t/feed/37ku8D"" rel=""nofollow"">虎嗅网</a>","Fri Apr 03 15:38:06 +0800 2015","0","0","0",NULL,NULL,"http://ww2.sinaimg.cn/bmiddle/8c803935jw1eqsf6bnjkgj20h80m8q7i.jpg"
"3827653717241700","2799878712",NULL,NULL,"3827653717241700","3827653717241700"," 你外面四不四有球了， 你缩话啊，缩话啊！ （转）","<a href=""http://weibo.com/"" rel=""nofollow"">微博 weibo.com</a>","Fri Apr 03 21:20:23 +0800 2015","0","0","3",NULL,NULL,"http://ww4.sinaimg.cn/bmiddle/62ca611cgw1eqrdhvr01qj20c80t4gnp.jpg"
"3828588220802294","1898439807",NULL,NULL,"3828588220802294","3828588220802294","我在玩“微博相机”，一起来吧！下载地址：http://t.cn/RwM8aH0","<a href=""http://app.weibo.com/t/feed/6B2LDS"" rel=""nofollow"">微博相机</a>","Mon Apr 06 11:13:45 +0800 2015","0","0","0",NULL,NULL,"http://ww2.sinaimg.cn/bmiddle/7127e47fjw1eqvoe7k3frj20hs0vkmy2.jpg"
"3828626359311302","1898439807",NULL,NULL,"3828626359311302","3828626359311302","@PETD影像社 颐和园","<a href=""http://app.weibo.com/t/feed/3o33sO"" rel=""nofollow"">iPhone 6</a>","Mon Apr 06 13:45:19 +0800 2015","0","0","0",NULL,NULL,"http://ww1.sinaimg.cn/bmiddle/7127e47fjw1eqvsrjh5tkj218g0xck7b.jpg"
"3828628020334046","5493966496",NULL,NULL,"3828628020334046","3828628020334046","那件好看咩","<a href=""http://app.weibo.com/t/feed/9ksdit"" rel=""nofollow"">iPhone客户端</a>","Mon Apr 06 13:51:55 +0800 2015","0","0","0",NULL,NULL,"http://ww1.sinaimg.cn/bmiddle/005ZO7EQjw1eqvsyouii1j30dc0hsmz5.jpg"
"3828696206556447","1657805994",NULL,NULL,"3828696206556447","3828696206556447","还在对着帅哥美女流口水？来#对面#吧，我刚在广场和模特美眉聊完天，等会去抛绣球邂逅有缘分的妹子，还有帮会的帅哥可以勾搭！下载猛戳：：http://t.cn/RZMjJSk","<a href=""http://app.weibo.com/t/feed/3mqXpx"" rel=""nofollow"">对面</a>","Mon Apr 06 18:22:51 +0800 2015","0","0","0",NULL,NULL,"http://ww3.sinaimg.cn/bmiddle/62d01caajw1eqw0sos2mij208118g404.jpg"
"3828780626017188","2242886494",NULL,NULL,"3828780626017188","3828780626017188","给你一个“交换秘密”的机会，你会和对方说些什么？你不知道TA是谁，也不知道TA在哪儿，但却可以放下防备，真正的去诉说、去聆听。@比邻官博 http://t.cn/asxJNh http://t.cn/R7Iy4dt","<a href=""http://app.weibo.com/t/feed/3okPtk"" rel=""nofollow"">比邻丨BiLin</a>","Mon Apr 06 23:58:18 +0800 2015","0","0","0",NULL,NULL,"http://ww2.sinaimg.cn/bmiddle/85afbb5ejw1eqwahqew0gj20fa0b4t95.jpg"
"3829097685587981","1898439807",NULL,NULL,"3829097685587981","3829097685587981","#运动就是坚持#","<a href=""http://app.weibo.com/t/feed/6QdVQY"" rel=""nofollow"">微博运动</a>","Tue Apr 07 20:58:12 +0800 2015","0","0","0",NULL,NULL,"http://ww2.sinaimg.cn/bmiddle/7127e47fjw1eqxawml8s5j20hs0vktah.jpg"
"3829114522069721","5507293323",NULL,NULL,"3829114522069721","3829114522069721","好美啊～真心觉得她是我们学校校花[爱你]","<a href=""http://app.weibo.com/t/feed/3G5oUM"" rel=""nofollow"">iPhone 5s</a>","Tue Apr 07 22:05:06 +0800 2015","0","0","4",NULL,NULL,"http://ww2.sinaimg.cn/bmiddle/0060I2zFjw1eqxcu0jfeqj30tm18g7i6.jpg"
"3829120284677266","1303865442",NULL,NULL,"3829120284677266","3829120284677266","发表了博文《ISO9001标准变化系列讨论之一：质量管理原则的新变化》一、概述2012年6月，为了规划ISO9001标准的发展计划，ISO/TC176/SC2/WG24在西班牙毕尔包召开的ISO900http://t.cn/RAxBXbY","<a href=""http://app.weibo.com/t/feed/2Bvk1e"" rel=""nofollow"">新浪博客</a>","Tue Apr 07 22:28:00 +0800 2015","0","0","0",NULL,NULL,NULL
"3829125150655832","2377243715",NULL,NULL,"3829125150655832","3829125150655832","每夜看集泰劇《不一樣的美男》，室友姑娘總說：""難怪妖魔鬼怪的聲音頗多""，我瞥了她一眼："" こんばんは 也很多哦""  唉～รถการพูด(車塞卡)","<a href=""http://weibo.com/"" rel=""nofollow"">三星GALAXY S4</a>","Tue Apr 07 22:47:20 +0800 2015","0","0","3",NULL,NULL,NULL
"3829125523010357","1303865442",NULL,NULL,"3829125523010357","3829125523010357","发表了博文《ISO9001:2015在文件控制和记录控制方面的变化》国际标准化组织的质量管理和质量保证技术委员会ISO/TC176ISO于2013年6月发布9001:2015CD（草案稿）稿。2014http://t.cn/RAxr151","<a href=""http://app.weibo.com/t/feed/2Bvk1e"" rel=""nofollow"">新浪博客</a>","Tue Apr 07 22:48:49 +0800 2015","0","0","0",NULL,NULL,NULL
"3829129479068906","2095356595",NULL,NULL,"3829129479068906","3829129479068906","大鸡排第一天[鼓掌][鼓掌]裹粉小妹蹬个高跟鞋，站了一天。脚板都掰不直了[打哈气]感觉又回到了当年的火星[挤眼]只是人面桃花呀[微风][微风]明天继续怀挺！","<a href=""http://app.weibo.com/t/feed/5gA59F"" rel=""nofollow"">小米手机3</a>","Tue Apr 07 23:04:32 +0800 2015","0","0","2",NULL,NULL,"http://ww4.sinaimg.cn/bmiddle/7ce49ab3jw1eqxehigmcyj20u01hcag6.jpg"
"3829140451427843","3846219799",NULL,NULL,"3829140451427843","3829140451427843","我使用粉丝头条推广了微博http://t.cn/RAxDZOw，阅读数是近期所发微博平均阅读数的6.8倍，效果翻倍、红极一时，这次推广算得上【炙手可热】","<a href=""http://app.weibo.com/t/feed/6bBDLA"" rel=""nofollow"">粉丝头条</a>","Tue Apr 07 23:48:08 +0800 2015","0","0","1",NULL,NULL,"http://ww1.sinaimg.cn/bmiddle/e540a817jw1eqxftfziotj20c80b4gmx.jpg"
"3829148965471333","3846219799",NULL,NULL,"3829148965471333","3829148965471333","真厉害哇,粉丝一天多了几千个诶,想知道是什么独门秘笈么?赶快加入粉丝堂吧！ http://t.cn/RAxkuVV","<a href=""http://app.weibo.com/t/feed/ene9H"" rel=""nofollow"">恋上你的车</a>","Wed Apr 08 00:21:58 +0800 2015","0","0","0",NULL,NULL,"http://ww4.sinaimg.cn/bmiddle/e540a817jw1eqxgsn4heyj206d08ct8x.jpg"
"3829149078795290","3846219799",NULL,NULL,"3829149078795290","3829149078795290","#恋上你的车# 我的私家车 雅阁 还有空座,大家快来搭车,晚了可就没座了哦!点此搭车 http://t.cn/RAxk3Jr","<a href=""http://app.weibo.com/t/feed/ene9H"" rel=""nofollow"">恋上你的车</a>","Wed Apr 08 00:22:21 +0800 2015","0","0","1",NULL,NULL,"http://ww1.sinaimg.cn/bmiddle/e540a817jw1eqxgt3xnq4g205n0320sp.gif"
"3829149141748926","3846219799",NULL,NULL,"3829149141748926","3829149141748926","我有驾驶证了,大家快来搭我的车吧!#恋上你的车# http://t.cn/zOfVKbE","<a href=""http://app.weibo.com/t/feed/ene9H"" rel=""nofollow"">恋上你的车</a>","Wed Apr 08 00:22:39 +0800 2015","0","0","1",NULL,NULL,"http://ww1.sinaimg.cn/bmiddle/e540a817jw1eqxgtd3b0cj20dw08s3z4.jpg"
"3829310047589468","5330445173",NULL,NULL,"3829310047589468","3829310047589468","[dada秧歌]看见女客裸浴怎么办？99%的人都会答错，我来告诉你正确答案~~╰[dada秧歌]繁华三千，看淡即是浮云；烦恼无数，想开就是晴天。 ","<a href=""http://weibo.com/"" rel=""nofollow"">微博 weibo.com</a>","Wed Apr 08 11:02:03 +0800 2015","0","0","0",NULL,NULL,"http://ww1.sinaimg.cn/bmiddle/005XlTJOgw1epf7kdcrndj30c60y80v8.jpg"
"3829332948476106","5330445173",NULL,NULL,"3829332948476106","3829332948476106","[拜拜][失望]【你花心吗？】 你是一个花心的人吗？来测测看吧,很准的哦！,编辑发送“花心”可获取题材。情话君在这等你哟～→[拍手]不想做烦琐的事，只想做繁荣的事。其实人生没有迷茫，有的只是对自己的高估。","<a href=""http://weibo.com/"" rel=""nofollow"">微博 weibo.com</a>","Wed Apr 08 12:33:03 +0800 2015","0","0","0",NULL,NULL,"http://ww2.sinaimg.cn/bmiddle/005XkytOgw1epfrorcgtqj309r1peaet.jpg"
"3829343518536257","5330445173",NULL,NULL,"3829343518536257","3829343518536257","[蛇年快乐][被电][被电]【你会和谁结婚】 很准哦（测试如图）,有些人,你是留不住的。不是配不上,而是他的心里压根没有你。谈恋爱看的根本不是你有多好な[话筒][复活节]可不可以和我约定 就算忙碌就算焦虑 也要在空闲之余说一声我想你 就算疲惫就算郁闷 也要在临睡的时候道一声晚安 ","<a href=""http://weibo.com/"" rel=""nofollow"">微博 weibo.com</a>","Wed Apr 08 13:15:03 +0800 2015","0","0","0",NULL,NULL,"http://ww1.sinaimg.cn/bmiddle/005XkytOgw1epfpagd4o8j309s0sagp6.jpg"
"3829354087975818","5330445173",NULL,NULL,"3829354087975818","3829354087975818","[拍砖]准的恐怖！你敢做这七道题吗？︴[喝多了]爱情那就是一潭挣扎的蓝藻，如同是一阵凄伟的风，穿过我失血的经脉，驻守在岁月的信念。也许是所有的初恋都是一样的，它只是为后来的恋爱做一个序幕而已。可是到后来你才发现，你如果再想爱上一个人，是这样难这样难。 ","<a href=""http://weibo.com/"" rel=""nofollow"">微博 weibo.com</a>","Wed Apr 08 13:57:03 +0800 2015","0","0","0",NULL,NULL,"http://ww2.sinaimg.cn/bmiddle/005XkytOgw1epfpaf72faj30c621qq8w.jpg"
"3827152405691688","1715118170",NULL,NULL,"3827152405691688","3827152405691688","#冷眼读图# Fire Cave . . . Lake Baikal, Russia . . . Photographed by CoolBieRe [1600 x 1068] [OS]http://t.cn/RAtpydO","<a href=""http://app.weibo.com/t/feed/2o92Kh"" rel=""nofollow"">vivo_X5Max</a>","Thu Apr 02 12:08:21 +0800 2015","0","1","1",NULL,NULL,"http://ww3.sinaimg.cn/bmiddle/663aa05ajw1eqr3hs4ctkj218g0todxn.jpg"
"3827160647398914","1774800467",NULL,NULL,"3827160647398914","3827160647398914","【湖畔大学完整名单出炉：汽车之家秦致、俏江南汪小菲、优米网王利芬等拜师马云】湖畔大学首期学员最终名单是36名：在这份名单中出现的均为国内知名企业家或创业者，他们在各自领域都做出了非常大的贡献。本文选了几个比较熟识的学员，来给大家介绍一下。http://t.cn/RAtJyuY","<a href=""http://app.weibo.com/t/feed/BbsPZ"" rel=""nofollow"">投资界</a>","Thu Apr 02 12:41:05 +0800 2015","12","13","5",NULL,NULL,"http://ww2.sinaimg.cn/bmiddle/69c94e53jw1eqr4fv03gzj20ds0ieabh.jpg"
"3827166725241597","1638782947",NULL,NULL,"3827166725241597","3827166725241597","【中国顾客在巴黎老佛爷商店平均消费跌幅明显】据法国媒体报道，巴黎老佛爷百货在赴法旅游中国游客中极具知名度，但最近却传出消息称，受中国政府相关措施影响，中国顾客的人数虽然没有减少，但平均消费额却出现下跌，幅度超过25%。http://t.cn/RAtMNop","<a href=""http://weibo.com/"" rel=""nofollow"">微博 weibo.com</a>","Thu Apr 02 13:05:14 +0800 2015","9","22","26",NULL,NULL,NULL
"3827254091703924","5103578591",NULL,NULL,"3827254091703924","3827254091703924","树洞君~作业没写完怎么办","<a href=""http://app.weibo.com/t/feed/3722nD"" rel=""nofollow"">微博树洞</a>","Thu Apr 02 18:52:25 +0800 2015","4","25","45",NULL,NULL,NULL
"3827256617065240","5103578591",NULL,NULL,"3827256617065240","3827256617065240","最近成绩很不理想，自己很努力，可还是上不去，怎么办，妈妈总唠叨我，好想哭~我都不知道怎么和她说，我一直以来有一个梦想，就是能学談吉他，家长说学吉他没用，不让我学，好伤心，看到同学都有自己喜欢的乐器，好羡慕……","<a href=""http://app.weibo.com/t/feed/3722nD"" rel=""nofollow"">微博树洞</a>","Thu Apr 02 19:02:26 +0800 2015","9","28","82",NULL,NULL,NULL
"3827257874997751","5103578591",NULL,NULL,"3827257874997751","3827257874997751","我很想他，可再也不能和他联系了，我为他付出了真心。@东风济南","<a href=""http://app.weibo.com/t/feed/3722nD"" rel=""nofollow"">微博树洞</a>","Thu Apr 02 19:07:27 +0800 2015","7","13","59",NULL,NULL,NULL
"3827260395707436","5103578591",NULL,NULL,"3827260395707436","3827260395707436","你把我的秘密吞了…吞了…吞了，你个混蛋！！！！","<a href=""http://app.weibo.com/t/feed/3722nD"" rel=""nofollow"">微博树洞</a>","Thu Apr 02 19:17:28 +0800 2015","1","9","44",NULL,NULL,NULL
"3827261046578526","1341902602",NULL,NULL,"3827261046578526","3827261046578526","【老照片】那些卖出高身价的后卫们~ (Z)","<a href=""http://weibo.com/"" rel=""nofollow"">微博 weibo.com</a>","Thu Apr 02 19:20:03 +0800 2015","19","39","25",NULL,NULL,"http://ww3.sinaimg.cn/bmiddle/4ffbcf0agw1eqrekg80ldj20b80fwmxn.jpg"
"3827261461899845","2846537620",NULL,NULL,"3827261461899845","3827261461899845","简直欺骗我单纯 说好的六点半看完电影呢 看到这个点 现在还去上毛线的课??","<a href=""http://app.weibo.com/t/feed/9ksdit"" rel=""nofollow"">iPhone客户端</a>","Thu Apr 02 19:21:41 +0800 2015","0","1","3",NULL,NULL,"http://ww2.sinaimg.cn/bmiddle/a9aab794jw1eqrg0ctm6dj20qo0qo43x.jpg"
"3827261658492222","5103578591",NULL,NULL,"3827261658492222","3827261658492222","家里状况现在到了连最后一套房子都要卖掉的地步 而我在国外开销那么大。不影响学业去打工也换不来房租。","<a href=""http://app.weibo.com/t/feed/3722nD"" rel=""nofollow"">微博树洞</a>","Thu Apr 02 19:22:29 +0800 2015","11","37","50",NULL,NULL,NULL
"3827264179003962","5103578591",NULL,NULL,"3827264179003962","3827264179003962","树洞君，如果两个人在一起，害怕对方抛弃你，算是真正的爱情吗？","<a href=""http://app.weibo.com/t/feed/3722nD"" rel=""nofollow"">微博树洞</a>","Thu Apr 02 19:32:29 +0800 2015","9","24","40",NULL,NULL,NULL
"3827267953914924","5103578591",NULL,NULL,"3827267953914924","3827267953914924","诶，就要开学了，怎么搞","<a href=""http://app.weibo.com/t/feed/3722nD"" rel=""nofollow"">微博树洞</a>","Thu Apr 02 19:47:30 +0800 2015","8","15","35",NULL,NULL,NULL
"3827268067552786","2025944645",NULL,NULL,"3827268067552786","3827268067552786","第1局，丁俊晖上手单杆拿下68分，最终开门红拿下这局，1-0领先威廉姆斯。","<a href=""http://weibo.com/"" rel=""nofollow"">微博 weibo.com</a>","Thu Apr 02 19:47:57 +0800 2015","0","1","12",NULL,NULL,NULL
"3827268378208626","2344328334",NULL,NULL,"3827268378208626","3827268378208626","看着夕阳吃晚饭","<a href=""http://app.weibo.com/t/feed/3KeSKP"" rel=""nofollow"">WeicoPro</a>","Thu Apr 02 19:49:11 +0800 2015","5","16","70",NULL,NULL,"http://ww4.sinaimg.cn/bmiddle/8bbb9c8ejw1eqrgt8fwdlj21kw1kw7wh.jpg"
"3827466156139725","1774800467",NULL,NULL,"3827466156139725","3827466156139725","【马云的手机梦：阿里云系统四处出击 为魅族圈定前三目标】马云为魅族圈定了国内手机市场前三的目标 ：苹果、小米、魅族。事实上，这已不是马云第一次在手机圈出谋划策，此前阿里在手机操作系统布局已久。http://t.cn/RAc9mva","<a href=""http://app.weibo.com/t/feed/BbsPZ"" rel=""nofollow"">投资界</a>","Fri Apr 03 08:55:05 +0800 2015","6","7","10",NULL,NULL,"http://ww1.sinaimg.cn/bmiddle/69c94e53jw1eqs3izyqhvj20dw09rq3e.jpg"
"3827469419493661","1774800467",NULL,NULL,"3827469419493661","3827469419493661","【老兵迅雷，曲折之后走向转型路：路子跨的太大难也要做 再也经不起折腾】迅雷这位在互联网拓荒时期脱颖而出的草莽英雄影响力在逐渐衰弱，身上所打下的深厚的PC时代烙印也成了转型的障碍，英雄迟暮或许并不属于现在的迅雷，但却似乎就在不远的将来。http://t.cn/RAcCckX","<a href=""http://app.weibo.com/t/feed/BbsPZ"" rel=""nofollow"">投资界</a>","Fri Apr 03 09:08:02 +0800 2015","0","1","4",NULL,NULL,"http://ww1.sinaimg.cn/bmiddle/69c94e53jw1eqs3whux1nj20fk0asq3h.jpg"
"3827484887953794","1926909715",NULL,NULL,"3827484887953794","3827484887953794","【核电公众认知待刷新,1颗脱落螺丝钉致1000万损失 】中国目前已经投入运营的核反应堆有24台，在建的有25台。这24台核反应堆为中国提供了2.4%的电力，这比世界平均水平的11%少了5倍。不过，它们有望在将来超过世界平均水平，这可以减少煤炭燃烧带来的大气污染。http://t.cn/RAclHn0","<a href=""http://weibo.com/"" rel=""nofollow"">微博 weibo.com</a>","Fri Apr 03 10:09:30 +0800 2015","5","8","19",NULL,NULL,NULL
"3827508157960363","1926909715",NULL,NULL,"3827508157960363","3827508157960363","【一波多折，原定于2号晚间的窝窝团上市再延期 】北京时间4月2日下午，有窝窝团相关人士确认，窝窝团将在当天晚间登陆纳斯达克。但过了4月2日24点，此前预告的上市敲钟仪式并没有如期而至。窝窝团执行总裁吴建光表示，窝窝团上市将延期至美国东部时间下午。http://t.cn/RAcRHJv","<a href=""http://weibo.com/"" rel=""nofollow"">微博 weibo.com</a>","Fri Apr 03 11:41:59 +0800 2015","1","2","9",NULL,NULL,"http://ww1.sinaimg.cn/bmiddle/72da4f13gw1eqs8cmu4efj20dw0cyjtn.jpg"
"3827546459788156","5103578591",NULL,NULL,"3827546459788156","3827546459788156","其实我是男的[偷笑][偷笑]","<a href=""http://app.weibo.com/t/feed/3722nD"" rel=""nofollow"">微博树洞</a>","Fri Apr 03 14:14:11 +0800 2015","4","28","61",NULL,NULL,NULL
"3827547718162859","5103578591",NULL,NULL,"3827547718162859","3827547718162859","你知道吗爱你我很幸福失去你我会很痛苦。陈～","<a href=""http://app.weibo.com/t/feed/3722nD"" rel=""nofollow"">微博树洞</a>","Fri Apr 03 14:19:11 +0800 2015","3","17","59",NULL,NULL,NULL
"3827548976536610","5103578591",NULL,NULL,"3827548976536610","3827548976536610","我想做你的闺蜜，也就是你最好倾诉的朋友，知己，行吗？","<a href=""http://app.weibo.com/t/feed/3722nD"" rel=""nofollow"">微博树洞</a>","Fri Apr 03 14:24:11 +0800 2015","4","28","71",NULL,NULL,NULL
"3827550453055926","5103578591",NULL,NULL,"3827550453055926","3827550453055926","明天就见不到我爱的她了，心里很失落 ，我该怎么送她呢？","<a href=""http://app.weibo.com/t/feed/3722nD"" rel=""nofollow"">微博树洞</a>","Fri Apr 03 14:30:03 +0800 2015","2","21","60",NULL,NULL,NULL
"3827551396546350","1883881851",NULL,NULL,"3827551396546350","3827551396546350","#NBA精彩GIF# 请脑补一下斯波的心理历程。[doge]","<a href=""http://weibo.com/"" rel=""nofollow"">微博 weibo.com</a>","Fri Apr 03 14:33:48 +0800 2015","25","49","97",NULL,NULL,"http://ww4.sinaimg.cn/bmiddle/7049c17bjw1eqsd9s9w5ng209q05gtst.gif"
"3827551711942421","1642292081",NULL,NULL,"3827551711942421","3827551711942421","【詹姆斯在半场休息期间询问韦德伤情】骑士主场以114-88击败热火。 在比赛行至第二节还剩6分30秒时，热火队的德维恩-韦德左膝盖撞伤离场。 在中场休息阶段，勒布朗-詹姆斯特地向球队的医疗组成员询问了韦德的伤情，并被告知是左膝挫伤。詹姆斯表示：“当我们还是队友时，他就经历了很多这个。”","<a href=""http://weibo.com/"" rel=""nofollow"">微博 weibo.com</a>","Fri Apr 03 14:35:03 +0800 2015","28","39","88",NULL,NULL,"http://ww4.sinaimg.cn/bmiddle/61e36371jw1eqsccs1qnmj20hd09cdhv.jpg"
"3827551715627868","5103578591",NULL,NULL,"3827551715627868","3827551715627868","好想和我的女神在一起，但是她比我大了一些。毕竟是女神。我要一直喜欢下去你放心。我一定不会放弃","<a href=""http://app.weibo.com/t/feed/3722nD"" rel=""nofollow"">微博树洞</a>","Fri Apr 03 14:35:04 +0800 2015","3","20","93",NULL,NULL,NULL
"3827552973709008","5103578591",NULL,NULL,"3827552973709008","3827552973709008","树洞，我的二宝马上就要结婚了[呵呵]，祝福她…","<a href=""http://app.weibo.com/t/feed/3722nD"" rel=""nofollow"">微博树洞</a>","Fri Apr 03 14:40:04 +0800 2015","2","5","81",NULL,NULL,NULL
"3827553968169365","2993049293",NULL,NULL,"3827553968169365","3827553968169365","【一起看斯诺克中国公开赛！】CCTV5正在直播斯诺克中国公开赛：塞尔比-米尔金斯；谁能挺进四强？锁定CCTV5!","<a href=""http://app.weibo.com/t/feed/1tqBja"" rel=""nofollow"">360安全浏览器</a>","Fri Apr 03 14:44:00 +0800 2015","3","23","34",NULL,NULL,"http://ww3.sinaimg.cn/bmiddle/b2664ecdjw1eqsdlvdldcj20go0b30ta.jpg"
"3827554236311979","5103578591",NULL,NULL,"3827554236311979","3827554236311979","我恨你陈嘉琳[怒][怒]","<a href=""http://app.weibo.com/t/feed/3722nD"" rel=""nofollow"">微博树洞</a>","Fri Apr 03 14:45:05 +0800 2015","3","20","55",NULL,NULL,NULL
"3827555494387071","5103578591",NULL,NULL,"3827555494387071","3827555494387071","树洞君，我想去纹身打耳洞了。反正已经做好随时会挂掉的准备了，唯一的愿望就是再见他一面。","<a href=""http://app.weibo.com/t/feed/3722nD"" rel=""nofollow"">微博树洞</a>","Fri Apr 03 14:50:05 +0800 2015","5","16","58",NULL,NULL,NULL
"3827556756955179","5103578591",NULL,NULL,"3827556756955179","3827556756955179","真的好累啊，天天都这样。","<a href=""http://app.weibo.com/t/feed/3722nD"" rel=""nofollow"">微博树洞</a>","Fri Apr 03 14:55:06 +0800 2015","2","12","44",NULL,NULL,NULL
"3827557944382777","2993049293",NULL,NULL,"3827557944382777","3827557944382777","【深山里的“奥运会”】在人生的旅途中，也许你曾到过很多地方，但你也许没有机会在这个小站上停留。作为运动员，也许你曾参加过世界上最顶级的比赛，但你知道深山里也有“奥运会”吗?4月24日，“CCTV体坛风云人物”将奔赴巴山，感受大山深处的体育热情。体育界的小伙伴，如果你愿意，同去！同去！","<a href=""http://app.weibo.com/t/feed/1tqBja"" rel=""nofollow"">360安全浏览器</a>","Fri Apr 03 14:59:49 +0800 2015","4","7","30",NULL,NULL,"http://ww4.sinaimg.cn/bmiddle/b2664ecdjw1eqse1xp8jbj20hs0dgq95.jpg"
"3827558015065357","5103578591",NULL,NULL,"3827558015065357","3827558015065357","我要努力了，高考。[爱你]","<a href=""http://app.weibo.com/t/feed/3722nD"" rel=""nofollow"">微博树洞</a>","Fri Apr 03 15:00:06 +0800 2015","2","33","129",NULL,NULL,NULL
"3827559261296573","1642292081",NULL,NULL,"3827559261296573","3827559261296573","【卡莱尔：哈登和威少的传球都被低估了】连续面对本赛季两位最好的得分手威斯布鲁克和哈登，小牛主帅卡莱尔也注意到了他们的相似之处，卡莱尔说：“他们是出色的得分手，不过他们也都是被低估的传球者。威斯布鲁克的传球更好了，哈登几年来都很棒，他没有获得该有的尊重，即使大家都知道他很棒。”","<a href=""http://weibo.com/"" rel=""nofollow"">微博 weibo.com</a>","Fri Apr 03 15:05:03 +0800 2015","9","37","45",NULL,NULL,"http://ww1.sinaimg.cn/bmiddle/61e36371jw1eqsdgr083dj20gz08qgnl.jpg"
"3827559277939045","5103578591",NULL,NULL,"3827559277939045","3827559277939045","树洞树洞 我爱凌希 她是个YY主播 我不知道她想找什么样的人来陪她走完这一辈子 要等到我赚钱比她多的时候 才能养的起她吧","<a href=""http://app.weibo.com/t/feed/3722nD"" rel=""nofollow"">微博树洞</a>","Fri Apr 03 15:05:07 +0800 2015","3","22","40",NULL,NULL,NULL
"3827560536314804","5103578591",NULL,NULL,"3827560536314804","3827560536314804","钟同学欢迎你重新回到我的世界[鼓掌][鼓掌][鼓掌]","<a href=""http://app.weibo.com/t/feed/3722nD"" rel=""nofollow"">微博树洞</a>","Fri Apr 03 15:10:07 +0800 2015","1","6","50",NULL,NULL,NULL
"3827561798621927","5103578591",NULL,NULL,"3827561798621927","3827561798621927","凉心暖男在哪里啊？？？","<a href=""http://app.weibo.com/t/feed/3722nD"" rel=""nofollow"">微博树洞</a>","Fri Apr 03 15:15:07 +0800 2015","4","16","39",NULL,NULL,NULL
"3827566835730330","5103578591",NULL,NULL,"3827566835730330","3827566835730330","忽然好讨厌一个人啊！怎么办？？","<a href=""http://app.weibo.com/t/feed/3722nD"" rel=""nofollow"">微博树洞</a>","Fri Apr 03 15:35:09 +0800 2015","3","38","57",NULL,NULL,NULL
"3827568015159645","1341902602",NULL,NULL,"3827568015159645","3827568015159645","【冈田武史】曾执教日本国家队、杭州绿城的冈田武史目前是《实况足球2015》“日本队主教练”[doge]近日冈田武史率日本队战胜了德国队。(X)","<a href=""http://weibo.com/"" rel=""nofollow"">微博 weibo.com</a>","Fri Apr 03 15:39:50 +0800 2015","2","16","12",NULL,NULL,"http://ww4.sinaimg.cn/bmiddle/4ffbcf0agw1eqsf7g6oq1j20dw09n3zs.jpg"
"3827568098295324","5103578591",NULL,NULL,"3827568098295324","3827568098295324","LGH我不会再喜欢你了、祝你幸福吧、","<a href=""http://app.weibo.com/t/feed/3722nD"" rel=""nofollow"">微博树洞</a>","Fri Apr 03 15:40:10 +0800 2015","7","13","74",NULL,NULL,NULL
"3827569356731621","5103578591",NULL,NULL,"3827569356731621","3827569356731621","弟辉，我想和你在一起","<a href=""http://app.weibo.com/t/feed/3722nD"" rel=""nofollow"">微博树洞</a>","Fri Apr 03 15:45:10 +0800 2015","6","14","54",NULL,NULL,NULL
"3827570618971352","5103578591",NULL,NULL,"3827570618971352","3827570618971352","树洞君帮我写完作业吧","<a href=""http://app.weibo.com/t/feed/3722nD"" rel=""nofollow"">微博树洞</a>","Fri Apr 03 15:50:11 +0800 2015","1","7","41",NULL,NULL,NULL
"3827571420135234","1638781994",NULL,NULL,"3827571420135234","3827571420135234","【申鑫-鲁能首发】申鑫：25-张迅伟；5-姜嘉俊、17-林裕焕、29-黄威、20-吴毅臻；16-于涛、18-叶重秋；11-埃弗顿、8-池忠国、7-杨家威；10-埃杜阿尔多；鲁能：23-王大雷；13-张弛、2-赵明剑、16-汪强、6-郑铮；5-乌索、22-蒿俊闵；10-蒙蒂略、21-阿洛伊西奥、8-王永珀；19-杨旭。http://t.cn/RAVvzkb","<a href=""http://weibo.com/"" rel=""nofollow"">微博 weibo.com</a>","Fri Apr 03 15:53:22 +0800 2015","7","17","32",NULL,NULL,"http://ww3.sinaimg.cn/bmiddle/61add42ajw1eqsfm6bpmhj20fa08wdgt.jpg"
"3827571592112628","1698513182",NULL,NULL,"3827571592112628","3827571592112628","【曝皇马今夏优先考虑签德赫亚，切赫同样在列】德赫亚与曼联的合同在2016年到期，但是至今尚未完成续约。《阿斯报》指出，如果红魔今夏对德赫亚的标价合理，那么皇马将签下德赫亚，但如今曼联对德赫亚的标价将高达6800万欧。另外，为了防止卡西离队，皇马也许会签下32岁的切赫。http://t.cn/RAcFyRl","<a href=""http://weibo.com/"" rel=""nofollow"">微博 weibo.com</a>","Fri Apr 03 15:54:03 +0800 2015","21","42","19",NULL,NULL,"http://ww3.sinaimg.cn/bmiddle/653d411egw1eqsf0msds0j20go0mutbe.jpg"
"3827571877673753","5103578591",NULL,NULL,"3827571877673753","3827571877673753","何苦现实要逼迫我说：你是无爱者，你还在流浪都是应得的","<a href=""http://app.weibo.com/t/feed/3722nD"" rel=""nofollow"">微博树洞</a>","Fri Apr 03 15:55:11 +0800 2015","4","8","58",NULL,NULL,NULL
"3827571915094693","1638781994",NULL,NULL,"3827571915094693","3827571915094693","【LIVE！正视频直播上海申鑫VS山东鲁能】北京时间4月3日，中超第4轮，山东鲁能客场挑战上海申鑫。新浪体育正视频直播，视频直播室：http://t.cn/RA5Ys4F 手机看直播：http://t.cn/8kdKLwn","<a href=""http://weibo.com/"" rel=""nofollow"">微博 weibo.com</a>","Fri Apr 03 15:55:20 +0800 2015","15","21","22",NULL,NULL,"http://ww3.sinaimg.cn/bmiddle/61add42ajw1eqsfo5h2b1j20k910wwii.jpg"
"3827573894935814","2993049293",NULL,NULL,"3827573894935814","3827573894935814","【CCTV5+正在直播：申鑫VS鲁能】申鑫(4231)：张迅伟/姜嘉俊、林裕焕、黄威、吴毅臻/于涛、叶重秋/埃弗顿、池忠国、杨家威/埃杜阿尔多；鲁能：王大雷/张弛、赵明剑、汪强、郑铮/乌索、蒿俊闵/蒙蒂略、阿洛伊西奥、王永珀/杨旭。CCTV5+正在直播#2015年中超#第四轮上海申鑫VS山东鲁能！","<a href=""http://weibo.com/"" rel=""nofollow"">微博 weibo.com</a>","Fri Apr 03 16:03:12 +0800 2015","8","19","29",NULL,NULL,"http://ww1.sinaimg.cn/bmiddle/b2664ecdjw1eqsfwbtgtkj20qj0eiq82.jpg"
"3827573971017287","1736329970",NULL,NULL,"3827573971017287","3827573971017287","#官方5佳球# 勇士vs太阳这一场占据了三个席位，汤普森空接和哈里斯高难度也入围了。最佳？问太阳去吧~~~~http://t.cn/RAckDKH","<a href=""http://weibo.com/"" rel=""nofollow"">微博 weibo.com</a>","Fri Apr 03 16:03:30 +0800 2015","15","23","54",NULL,NULL,"http://ww4.sinaimg.cn/bmiddle/677e4af2jw1eqsfwoqth2g20a009tu0z.gif"
"3827574398357613","5103578591",NULL,NULL,"3827574398357613","3827574398357613","都这个点了，我还在补作业 [泪]今天还考试，希望我平安度过今天","<a href=""http://app.weibo.com/t/feed/3722nD"" rel=""nofollow"">微博树洞</a>","Fri Apr 03 16:05:12 +0800 2015","4","18","78",NULL,NULL,NULL
"3827575791335459","2799878712",NULL,NULL,"3827575791335459","3827575791335459"," 【小伙同时交17个女友 生病时被包围探望】21岁的小丽是湘潭人，她接到电话说男友袁某因车祸重伤住院。心急火燎的小丽赶去探视，却发现袁某的病床前围了十几名自称是自己男友“妻子”的女人。。。一共竟有17人！而且她们都不知道彼此的存在。。小伙的段位好高，给跪。。","<a href=""http://weibo.com/"" rel=""nofollow"">微博 weibo.com</a>","Fri Apr 03 16:10:44 +0800 2015","1","2","1",NULL,NULL,"http://ww4.sinaimg.cn/bmiddle/687cdc53gw1eqs7288crrj20c828wqcy.jpg"
"3827653783608935","5103578591",NULL,NULL,"3827653783608935","3827653783608935","没有了喜欢的人 心里空空的 真的 真的特别空","<a href=""http://app.weibo.com/t/feed/3722nD"" rel=""nofollow"">微博树洞</a>","Fri Apr 03 21:20:39 +0800 2015","14","17","105",NULL,NULL,NULL
"3827653804582473","2993049293",NULL,NULL,"3827653804582473","3827653804582473","【张琳芃破门 恒大扳平比分】第64分钟，下半场替补登场的张琳芃在中场右路停球调整后一脚远距离低射，建业球员毕津浩伸脚一挡，皮球折射窜向球门右下角，门将吴龑来不及反应，皮球从近角入网，恒大1-1扳平比分！恒大能否逆转？建业是否将再次领先？还是双方握手言和？CCTV风云足球正在直播本场比赛！","<a href=""http://weibo.com/"" rel=""nofollow"">微博 weibo.com</a>","Fri Apr 03 21:20:44 +0800 2015","17","37","59",NULL,NULL,"http://ww3.sinaimg.cn/bmiddle/b2664ecdjw1eqsp2h1xqkg20a805ox6p.gif"
"3827655004283513","2993049293",NULL,NULL,"3827655004283513","3827655004283513","【富力4-0大胜茅台】#2015年中超#第四轮，广州富力主场4-0大胜贵州茅台。第25分钟，客队解围失误，姜宁右脚抽射破门(gif图1)；第34分钟，汪嵩定位球开到禁区，金洋洋禁区内破门，2-0(gif图2)；第37分钟，汪嵩的假射真传，哈默德推射球门右下角(gif图3)；第81分钟，角球进攻中金洋洋头球破门(gif图4)。","<a href=""http://weibo.com/"" rel=""nofollow"">微博 weibo.com</a>","Fri Apr 03 21:25:30 +0800 2015","9","10","29",NULL,NULL,"http://ww2.sinaimg.cn/bmiddle/b2664ecdjw1eqsp75h1xfg208a04n1kx.gif"
"3827655042036229","5103578591",NULL,NULL,"3827655042036229","3827655042036229","我要出去工作了，快递员，如果你收到我送的快递，请给我微笑好吗？","<a href=""http://app.weibo.com/t/feed/3722nD"" rel=""nofollow"">微博树洞</a>","Fri Apr 03 21:25:39 +0800 2015","2","23","130",NULL,NULL,NULL
"3827656304395960","5103578591",NULL,NULL,"3827656304395960","3827656304395960","刚玩微博没有粉丝我来搞个活动 关注十转发 说说你们喜欢什么礼物 我随机送一个 在我范围内@老表玩野","<a href=""http://app.weibo.com/t/feed/3722nD"" rel=""nofollow"">微博树洞</a>","Fri Apr 03 21:30:40 +0800 2015","7","13","45",NULL,NULL,NULL
"3828774804319291","2377243715",NULL,NULL,"3828774804319291","3828774804319291","厕所坏了，午夜。室友姑娘说：""我陪你""，与她颤抖地相搂着，灯火不明，想到前几日，同她看的恐怖影片，甚是吓人?","<a href=""http://weibo.com/"" rel=""nofollow"">三星GALAXY S4</a>","Mon Apr 06 23:35:11 +0800 2015","0","7","4",NULL,NULL,NULL
"3829058992918414","2377243715",NULL,NULL,"3829058992918414","3829058992918414","雨夜，颳風，風大，一人一把傘，夜自習，一個人的快樂[下雨][下雨]，日語女先生今天很漂亮[嘘]","<a href=""http://weibo.com/"" rel=""nofollow"">三星GALAXY S4</a>","Tue Apr 07 18:24:27 +0800 2015","0","5","7",NULL,NULL,NULL
"3829123854475709","1765773752",NULL,NULL,"3829123854475709","3829123854475709","今天早上看陀氏看的坐过站好远，下午又加班到打的回家。简直一天过的迷迷糊糊。肯定是病没好全出来乱走就会犯痴呆。话说陀氏还是蛮吸引人的。难道春天的寒意中有痴迷因子？#春色#","<a href=""http://app.weibo.com/t/feed/9ksdit"" rel=""nofollow"">iPhone客户端</a>","Tue Apr 07 22:42:11 +0800 2015","0","2","2",NULL,NULL,"http://ww3.sinaimg.cn/bmiddle/693f91b8jw1eqxdw6hm7gj20k00qon5k.jpg"
"3829323414773081","2871008062",NULL,NULL,"3829323414773081","3829323414773081","嗯知道了。","<a href=""http://app.weibo.com/t/feed/c66T5g"" rel=""nofollow"">Android客户端</a>","Wed Apr 08 11:55:10 +0800 2015","0","1","2",NULL,NULL,NULL
"3829405065788073","1869170057",NULL,NULL,"3829405065788073","3829405065788073","#COS沙龙# 本周日（4.12）下午三点我们将于北京大学举办COS沙龙第27期，嘉宾：陈光博士@爱可可-爱生活 ，主题：大数据时代的“简读”之道。参会名额有限抓紧报名啦~详情请戳http://t.cn/RAfsLQB","<a href=""http://weibo.com/"" rel=""nofollow"">微博 weibo.com</a>","Wed Apr 08 17:19:37 +0800 2015","2","3","1",NULL,NULL,NULL
"3829552311161750","2871008062",NULL,NULL,"3829552311161750","3829552311161750","手脚冰凉睡不着[抓狂]","<a href=""http://app.weibo.com/t/feed/c66T5g"" rel=""nofollow"">Android客户端</a>","Thu Apr 09 03:04:43 +0800 2015","0","4","1",NULL,NULL,NULL
"3829635081535178","2397265244",NULL,NULL,"3829635081535178","3829635081535178","有人去AISTATS么。。找人share room","<a href=""http://weibo.com/"" rel=""nofollow"">微博 weibo.com</a>","Thu Apr 09 08:33:37 +0800 2015","0","5","1",NULL,NULL,NULL
"3829648704435115","3201336763",NULL,NULL,"3829648704435115","3829648704435115","我参与了@特权会 发起的投票【我们都是社团人，为自己最爱的社团点赞吧，】，我投给了“河北工程大学工程导航社”这个选项。你也快来表态吧：http://t.cn/RAMRVRE","<a href=""http://app.weibo.com/t/feed/qsbvs"" rel=""nofollow"">手机微博触屏版</a>","Thu Apr 09 09:27:44 +0800 2015","0","1","0",NULL,NULL,NULL
"3829650662650091","3579140953",NULL,NULL,"3829650662650091","3829650662650091","#南宁身边事#【南宁气温骤降 心圩江大量鱼儿翻白肚[汗]】8日，南宁心圩江漂浮着大量死鱼，市民认为江水水质可能变差。南宁城市内河管理处称，南宁其他一些内河，如竹排冲、可利江等也出现了死鱼，气温骤降是鱼儿死亡的主要原因。有市民打捞死鱼，捕鱼者甚至将死鱼卖给来收购的人。http://t.cn/RAi90rE","<a href=""http://weibo.com/"" rel=""nofollow"">微博 weibo.com</a>","Thu Apr 09 09:35:31 +0800 2015","9","10","13",NULL,NULL,"http://ww3.sinaimg.cn/bmiddle/d5555b59jw1eqz2dtuaovj20fa0bhdh4.jpg"
"3829657701267382","3765107901",NULL,NULL,"3829657701267382","3829657701267382","链接查看评论","<a href=""http://app.weibo.com/t/feed/9ksdit"" rel=""nofollow"">iPhone客户端</a>","Thu Apr 09 10:03:30 +0800 2015","0","1","0",NULL,NULL,"http://ww4.sinaimg.cn/bmiddle/e06afcbdgw1eqz3813xxdj206t0bcaa5.jpg"
"3829679586440952","3579140953",NULL,NULL,"3829679586440952","3829679586440952","#南宁身边事#【#男子白日强抢女童# 自称是自己养女[吃惊]】8日，贵港男子黄某在马山新黄村小学附近将7岁女童抱上车后迅速离开。随后，学校老师和家属急忙报警，女童亲属和当地群众设卡拦截该男子。女童亲属认为男子是人贩子并将其打伤，男子自称以为小女孩是自己的养女所以抱走。（南宁有嘢说）","<a href=""http://weibo.com/"" rel=""nofollow"">微博 weibo.com</a>","Thu Apr 09 11:30:28 +0800 2015","14","32","27",NULL,NULL,"http://ww1.sinaimg.cn/bmiddle/d5555b59jw1eqz577avo2j20c80lqjul.jpg"
"3829680509715108","3897908002",NULL,NULL,"3829680509715108","3829680509715108","【深航回应#深航空姐艳照#事件：系恶意中伤 照片被ps】昨日，数张疑似深航空姐的不雅照在网上疯传。深航负责公关的负责人称：经调查深航有这名空姐，但这照片是被PS了，属于对该空姐的恶意炒作中伤。受此影响该空姐的情绪不好，但深航方面一直有人陪伴她做好安抚工作。（南都）","<a href=""http://app.weibo.com/t/feed/1tqBja"" rel=""nofollow"">360安全浏览器</a>","Thu Apr 09 11:34:08 +0800 2015","6","7","62",NULL,NULL,"http://ww4.sinaimg.cn/bmiddle/e8555b22gw1eqz5u9t9cvj20al0a8t90.jpg"
"3829698104808563","2034380735",NULL,NULL,"3829698104808563","3829698104808563","怎么从化妆后的照片看得出这个人到底丑不丑～～～ http://t.cn/z8AX8PN","<a href=""http://app.weibo.com/t/feed/3o33sO"" rel=""nofollow"">iPhone 6</a>","Thu Apr 09 12:44:03 +0800 2015","0","1","0",NULL,NULL,"http://ww3.sinaimg.cn/bmiddle/79422fbfjw1eqz7v1tmipj20c80g4js8.jpg"
"3829721576039875","3579140953",NULL,NULL,"3829721576039875","3829721576039875","#南宁身边事#【#问题烧鸭作坊#被查出 你还敢吃吗？！[吐]】爱吃烧鸭的吃货们，注意啦！9日，青秀区食药局对辖区的一些食品小作坊突击检查，在一家烧鸭作坊角落里发现了一盘既不像油又不像卤汁的东西里面有几只苍蝇，老板说这东西是蜂蜜。现场一些调料包被随意乱放，可以用“脏，乱，差”形容。（NNTV）","<a href=""http://weibo.com/"" rel=""nofollow"">微博 weibo.com</a>","Thu Apr 09 14:17:19 +0800 2015","17","18","27",NULL,NULL,"http://ww4.sinaimg.cn/bmiddle/d5555b59gw1eqzajvfopwj20c809s0t8.jpg"
"3829760112997624","3973499486",NULL,NULL,"3829760112997624","3829760112997624","【又见暴力执法：成都郫县城管棍棒群殴小贩！[衰]】： 12点20左右，成都郫县团结镇川师成都学院门口，一群十多个身着城管制服的人，和一卖菠萝商贩发生争执，后对其进行围殴，视频显示，城管挥棒猛烈打击地上的小贩，并发出打击的嘭嘭声！[怒] http://t.cn/RAiHDkA #成都身边事#","<a href=""http://app.weibo.com/t/feed/5gA59F"" rel=""nofollow"">小米手机3</a>","Thu Apr 09 16:50:27 +0800 2015","1","3","2",NULL,NULL,"http://ww4.sinaimg.cn/bmiddle/ecd6ca5ejw1eqzezeqqzej20c80c8js5.jpg"
"3829814626711749","5209327470",NULL,NULL,"3829814626711749","3829814626711749","链接查看评论","<a href=""http://app.weibo.com/t/feed/6G7MnG"" rel=""nofollow"">三星GALAXY S4</a>","Thu Apr 09 20:27:04 +0800 2015","0","1","0",NULL,NULL,"http://ww4.sinaimg.cn/bmiddle/005GxO2Ogw1eqzl8uckujj306t0bct8r.jpg"
"3829870239287036","3121700831",NULL,NULL,"3829870239287036","3829870239287036","某投资客朋友问和某公司合作情况如何。和不少企业合作，但 …… 好像没这个。材料传过来洋洋洒洒几十页，内容很丰富…… 终于，在隐蔽处找到几个字: 准备……合作","<a href=""http://app.weibo.com/t/feed/6G7MnG"" rel=""nofollow"">三星GALAXY S4</a>","Fri Apr 10 00:08:03 +0800 2015","1","4","12",NULL,NULL,NULL
"3829969040250970","2995266894",NULL,NULL,"3829969040250970","3829969040250970","再也不要吃辣条了[伤心][伤心][伤心]","<a href=""http://app.weibo.com/t/feed/3G5oUM"" rel=""nofollow"">iPhone 5s</a>","Fri Apr 10 06:40:39 +0800 2015","0","8","0",NULL,NULL,NULL
"3830001478887107","5209327470",NULL,NULL,"3830001478887107","3830001478887107","链接查看评论","<a href=""http://app.weibo.com/t/feed/6G7MnG"" rel=""nofollow"">三星GALAXY S4</a>","Fri Apr 10 08:49:33 +0800 2015","0","1","0",NULL,NULL,"http://ww2.sinaimg.cn/bmiddle/005GxO2Ogw1er06pdt8vuj307j0bf74i.jpg"
"3830443890107616","3765107901",NULL,NULL,"3830443890107616","3830443890107616","链接查看评论","<a href=""http://app.weibo.com/t/feed/9ksdit"" rel=""nofollow"">iPhone客户端</a>","Sat Apr 11 14:07:32 +0800 2015","0","1","0",NULL,NULL,"http://ww1.sinaimg.cn/bmiddle/e06afcbdgw1er1lik8wocj209z0asq3f.jpg"
"3830527704622558","2995266894",NULL,NULL,"3830527704622558","3830527704622558","最近简直就是买买买的节奏停不下来啊[笑cry][笑cry][笑cry]下午到晚上有四个包裹了好嘛[笑cry][笑cry][笑cry]","<a href=""http://app.weibo.com/t/feed/3G5oUM"" rel=""nofollow"">iPhone 5s</a>","Sat Apr 11 19:40:35 +0800 2015","0","2","1",NULL,NULL,NULL
"3830540703040145","2241189485",NULL,NULL,"3830540703040145","3830540703040145","一起坐在草地上静静的听场音乐会怎么样[心]","<a href=""http://app.weibo.com/t/feed/3G5oUM"" rel=""nofollow"">iPhone 5s</a>","Sat Apr 11 20:32:14 +0800 2015","2","8","27",NULL,NULL,"http://ww4.sinaimg.cn/bmiddle/8595d66djw1er1wmtoj1fj20hs0dcgnv.jpg"
"3830541554112198","3765107901",NULL,NULL,"3830541554112198","3830541554112198","链接查看评论","<a href=""http://app.weibo.com/t/feed/9ksdit"" rel=""nofollow"">iPhone客户端</a>","Sat Apr 11 20:35:35 +0800 2015","0","1","0",NULL,NULL,"http://ww3.sinaimg.cn/bmiddle/e06afcbdgw1er1wqby5eyj207f0ceq34.jpg"
"3830550764346804","1042026447",NULL,NULL,"3830550764346804","3830550764346804","雨夜。","<a href=""http://app.weibo.com/t/feed/3o33sO"" rel=""nofollow"">iPhone 6</a>","Sat Apr 11 21:12:13 +0800 2015","3","25","85",NULL,NULL,"http://ww2.sinaimg.cn/bmiddle/3e1c0fcfjw1er1xs51sxfj218g18g7mi.jpg"
"3830554975850459","1638793632",NULL,NULL,"3830554975850459","3830554975850459","如果说回忆不过周杰伦，青春不过五月天，那么中间一定有一段好久不见，却又深刻的十年，Eason。","<a href=""http://app.weibo.com/t/feed/3o33sO"" rel=""nofollow"">iPhone 6</a>","Sat Apr 11 21:28:57 +0800 2015","7","14","52",NULL,NULL,"http://ww4.sinaimg.cn/bmiddle/61ae01a0jw1er1y9ue298j20ns0kw75y.jpg"
"3830571631672583","5209327470",NULL,NULL,"3830571631672583","3830571631672583","链接查看评论","<a href=""http://app.weibo.com/t/feed/6G7MnG"" rel=""nofollow"">三星GALAXY S4</a>","Sat Apr 11 22:35:08 +0800 2015","0","1","0",NULL,NULL,"http://ww3.sinaimg.cn/bmiddle/005GxO2Ogw1er206pt8kcj306t0bct8r.jpg"
"3830593437939045","2377243715",NULL,NULL,"3830593437939045","3830593437939045","跑步仍在繼續，有室友姑娘一起，一人一個夜晚是比較孤單，兩個人應該就不會了……","<a href=""http://weibo.com/"" rel=""nofollow"">三星GALAXY S4</a>","Sun Apr 12 00:01:47 +0800 2015","0","4","2",NULL,NULL,NULL
"3830601688001396","1111681197",NULL,NULL,"3830601688001396","3830601688001396","一离京就下雨，一下雨就延误～～现在航班有延迟赔付了，擦航就卡着点飞天上转圈，多转了半个多小时，真是机智[挖鼻屎][挖鼻屎][挖鼻屎]","<a href=""http://app.weibo.com/t/feed/3o33sO"" rel=""nofollow"">iPhone 6</a>","Sun Apr 12 00:34:34 +0800 2015","2","8","11",NULL,NULL,"http://ww2.sinaimg.cn/bmiddle/4242e8adjw1er23k86rfsj20hs0hs41i.jpg"
"3830623435462504","2871008062",NULL,NULL,"3830623435462504","3830623435462504","?手机坏了 现在特别想可以自己工作赚钱换个时尚时尚最时尚的手机 [泪流满面][泪流满面][泪流满面]","<a href=""http://app.weibo.com/t/feed/c66T5g"" rel=""nofollow"">Android客户端</a>","Sun Apr 12 02:00:59 +0800 2015","0","2","1",NULL,NULL,NULL
"3830693409138674","2995266894",NULL,NULL,"3830693409138674","3830693409138674","好大的雾[睡觉]","<a href=""http://app.weibo.com/t/feed/3G5oUM"" rel=""nofollow"">iPhone 5s</a>","Sun Apr 12 06:39:02 +0800 2015","0","2","0",NULL,NULL,NULL
"3830737277424342","5209327470",NULL,NULL,"3830737277424342","3830737277424342","链接查看评论","<a href=""http://app.weibo.com/t/feed/6G7MnG"" rel=""nofollow"">三星GALAXY S4</a>","Sun Apr 12 09:33:21 +0800 2015","0","1","0",NULL,NULL,"http://ww4.sinaimg.cn/bmiddle/005GxO2Ogw1er2j7kxid0j308n0baweo.jpg"
"3830741659812604","5103578591",NULL,NULL,"3830741659812604","3830741659812604","羽毛球羽毛球羽毛球羽毛球[哼]打不好能怎么办","<a href=""http://app.weibo.com/t/feed/3722nD"" rel=""nofollow"">微博树洞</a>","Sun Apr 12 09:50:46 +0800 2015","2","30","67",NULL,NULL,NULL
"3830741983284956","1698513182",NULL,NULL,"3830741983284956","3830741983284956","【传曼联出价更高，有望击败利物浦签下德佩】据《镜报》报道，曼联已告知埃因霍温，他们愿意满足对方的要价——2500万英镑。这一价格超过了利物浦所愿意支付的2000万英镑，虽然红军考察这名球员也有18个月之久。此前曼联主帅范加尔对今夏的引援给出了暗示，他说：“我毫不怀疑，那些球员会来曼联。”","<a href=""http://weibo.com/"" rel=""nofollow"">微博 weibo.com</a>","Sun Apr 12 09:52:03 +0800 2015","18","38","33",NULL,NULL,"http://ww3.sinaimg.cn/bmiddle/653d411egw1er2jidwindj20gx098wf0.jpg"
"3830746529867301","3065811691",NULL,NULL,"3830746529867301","3830746529867301","头发真的不是好几天没有洗了[呵呵]","<a href=""http://weibo.com/"" rel=""nofollow"">Android</a>","Sun Apr 12 10:10:07 +0800 2015","0","4","2",NULL,NULL,"http://ww1.sinaimg.cn/bmiddle/b6bc92ebjw1er2k9t8ttzj20qo0zmq7k.jpg"
"3830747519627585","1698513182",NULL,NULL,"3830747519627585","3830747519627585","【巴萨副主席：不知道恩里克为什么换下内马尔】在今天凌晨的比赛中巴萨客场2-2战平塞维利亚。赛后，巴萨副主席霍尔迪-梅斯特在接受采访时对恩里克在比赛还有20分钟时就将内马尔换下的决定表示不解，他拒绝评论内马尔被换下场时做出的手势：“我不知道恩里克为什么把内马尔换下来，他有自己的理由。”","<a href=""http://weibo.com/"" rel=""nofollow"">微博 weibo.com</a>","Sun Apr 12 10:14:03 +0800 2015","8","21","21",NULL,NULL,"http://ww2.sinaimg.cn/bmiddle/653d411egw1er2jnnvk4vj20k00bawfc.jpg"
"3830747959422636","5103578591",NULL,NULL,"3830747959422636","3830747959422636","我每天都梦见你。虽然悬殊但是我一直保持暗恋的勇气。不管我有多么的过客","<a href=""http://app.weibo.com/t/feed/3722nD"" rel=""nofollow"">微博树洞</a>","Sun Apr 12 10:15:48 +0800 2015","6","11","68",NULL,NULL,NULL
"3830775537599654","5209327470",NULL,NULL,"3830775537599654","3830775537599654","链接查看评论","<a href=""http://app.weibo.com/t/feed/6G7MnG"" rel=""nofollow"">三星GALAXY S4</a>","Sun Apr 12 12:05:23 +0800 2015","0","1","0",NULL,NULL,"http://ww2.sinaimg.cn/bmiddle/005GxO2Ogw1er2nlrim7ej309f0ayglt.jpg"
"3830778838612098","3121700831",NULL,NULL,"3830778838612098","3830778838612098","1, 2, 3, 2, 3, 4, 3, 4, 5, ... 问前25个数的和是多少，用小学一年级的知识(没学过乘法)，该怎么解啊？","<a href=""http://app.weibo.com/t/feed/6G7MnG"" rel=""nofollow"">三星GALAXY S4</a>","Sun Apr 12 12:18:30 +0800 2015","8","24","8",NULL,NULL,NULL
"3830864884736343","1641561812",NULL,NULL,"3830864884736343","3830864884736343","【海南30万亩玉米滞销每斤只卖6毛钱！部分农户无钱还贷】近期海南东方市种植的30万亩甜玉米丰收，然而由于市场供大于求导致玉米价格下跌，现每斤仅卖6毛钱，低于成本价！不少玉米已干瘪，部分农户无钱还贷！（央视）","<a href=""http://app.weibo.com/t/feed/6BozqB"" rel=""nofollow"">经济观察网</a>","Sun Apr 12 18:00:24 +0800 2015","37","38","48",NULL,NULL,"http://ww3.sinaimg.cn/bmiddle/61d83ed4jw1er2xv6pmtwj20fa0bb0ui.jpg"
"3830867170440892","2200249730",NULL,NULL,"3830867170440892","3830867170440892","【因不满航班餐食 男子将盖饭泼向空姐致其烫伤[怒]】因为吃饭不满意就在飞机上耍横，这样的乘客还真有！10日，宁波—长沙的PN6260航班上，一乘客因不满航班餐食配备，在客舱中抢夺热盖饭，泼向空姐，将其烫伤。该乘客被机场警方处500元处罚并责令其向受伤乘务员做出一定金额补偿。http://t.cn/RAS7ZpN","<a href=""http://weibo.com/"" rel=""nofollow"">微博 weibo.com</a>","Sun Apr 12 18:09:29 +0800 2015","2","4","4",NULL,NULL,"http://ww4.sinaimg.cn/bmiddle/83252582jw1er2y4m62xhj20c70dgabf.jpg"
"3830872949985590","5103578591",NULL,NULL,"3830872949985590","3830872949985590","爱死中药粉 痘痘终于好了！@SS就是霂霂","<a href=""http://app.weibo.com/t/feed/3722nD"" rel=""nofollow"">微博树洞</a>","Sun Apr 12 18:32:28 +0800 2015","2","10","41",NULL,NULL,NULL
"3830875466485025","5103578591",NULL,NULL,"3830875466485025","3830875466485025","宅女好累呀，很难找到男朋友，只能自己养活自己，必须要找到一份有保障的工作，才不用担心以后怎么生活。[泪]","<a href=""http://app.weibo.com/t/feed/3722nD"" rel=""nofollow"">微博树洞</a>","Sun Apr 12 18:42:28 +0800 2015","9","27","106",NULL,NULL,NULL
"3830876729076569","5103578591",NULL,NULL,"3830876729076569","3830876729076569","无意中在“非常完美”中看到你对你怦然心动，但是我知道这个是遥远的爱情，看到你拒绝上台的女生，在看到你对喜欢的女生勇敢的表白，其实那种感觉其实心里真的很不好受。但是，也知道我只能在心里默默的喜欢，没有勇气跟你说喜欢你！默默关注你的微博，默默为你加油！","<a href=""http://app.weibo.com/t/feed/3722nD"" rel=""nofollow"">微博树洞</a>","Sun Apr 12 18:47:29 +0800 2015","8","15","65",NULL,NULL,NULL
"3830877987460951","5103578591",NULL,NULL,"3830877987460951","3830877987460951","我谢谢树洞君，树洞君棒棒哒","<a href=""http://app.weibo.com/t/feed/3722nD"" rel=""nofollow"">微博树洞</a>","Sun Apr 12 18:52:29 +0800 2015","1","3","48",NULL,NULL,NULL
"3830879007089205","5209327470",NULL,NULL,"3830879007089205","3830879007089205","链接查看评论","<a href=""http://app.weibo.com/t/feed/6G7MnG"" rel=""nofollow"">三星GALAXY S4</a>","Sun Apr 12 18:56:32 +0800 2015","0","1","0",NULL,NULL,"http://ww1.sinaimg.cn/bmiddle/005GxO2Ogw1er2zhkkowwj307a0bh74g.jpg"
"3830879988246411","1641561812",NULL,NULL,"3830879988246411","3830879988246411","【温州商人集资300万建豪华龙舟 3年沉3次】2012年，几位温州商人集资300万元建成一艘水上台阁，可是，这艘有“水上宾利”戏称的奢华龙舟却命途多舛，两年间在同一时间、同一地点沉没。沉没的原因，至今没有查清。两三天前，有人发现，“极品龙舟”又沉了。http://t.cn/RAakrpL","<a href=""http://app.weibo.com/t/feed/6BozqB"" rel=""nofollow"">经济观察网</a>","Sun Apr 12 19:00:26 +0800 2015","20","22","26",NULL,NULL,"http://ww3.sinaimg.cn/bmiddle/61d83ed4jw1er2zlmt9v0j20fa0awdhh.jpg"
"3830880507905372","5103578591",NULL,NULL,"3830880507905372","3830880507905372","分手快一年了[失望]他也有了新欢这一年间我也有一段感情[失望]但是被我提出分手终结了[失望]其实这段时间一直没有忘记过他真的很爱他[失望]","<a href=""http://app.weibo.com/t/feed/3722nD"" rel=""nofollow"">微博树洞</a>","Sun Apr 12 19:02:30 +0800 2015","9","34","118",NULL,NULL,NULL
"3830884115035530","1638781994",NULL,NULL,"3830884115035530","3830884115035530","【正视频直播女子冰球世锦赛中国冲冠】2015年女子冰球世锦赛甲级B组进入最后一天争夺，中国队迎战保持不败的斯洛伐克队，如果能够战胜对手，中国队将夺得冠军并且在下个赛季升级进入甲级A组。祝中国队姑娘们好运！视频直播间：http://t.cn/RASJJmB手机APP看球：http://t.cn/8kdKLwn","<a href=""http://weibo.com/"" rel=""nofollow"">微博 weibo.com</a>","Sun Apr 12 19:16:50 +0800 2015","15","16","62",NULL,NULL,"http://ww4.sinaimg.cn/bmiddle/61add42ajw1er2zwicvndj20hs0w9afz.jpg"
"3830884291462840","5103578591",NULL,NULL,"3830884291462840","3830884291462840","初恋啊20多年了我还执着的义无反顾的喜欢着你 可以写成一部剧本","<a href=""http://app.weibo.com/t/feed/3722nD"" rel=""nofollow"">微博树洞</a>","Sun Apr 12 19:17:32 +0800 2015","4","28","94",NULL,NULL,NULL
"3830896702609977","3765107901",NULL,NULL,"3830896702609977","3830896702609977","链接查看评论","<a href=""http://app.weibo.com/t/feed/9ksdit"" rel=""nofollow"">iPhone客户端</a>","Sun Apr 12 20:06:51 +0800 2015","0","1","0",NULL,NULL,"http://ww2.sinaimg.cn/bmiddle/e06afcbdgw1er31iqfi24j208i09zq38.jpg"
"3830905506684475","2993049293",NULL,NULL,"3830905506684475","3830905506684475","【郑智手球送点 宏运扳回一城】第34分钟，秦升掷出界外球，禁区内郑智躲闪不及，手球送点！宏运队詹姆斯主罚命中！恒大2比1宏运！#2014年中超#","<a href=""http://app.weibo.com/t/feed/1tqBja"" rel=""nofollow"">360安全浏览器</a>","Sun Apr 12 20:41:50 +0800 2015","21","38","30",NULL,NULL,"http://ww1.sinaimg.cn/bmiddle/b2664ecdjw1er32izvwa2g207t04bkjl.gif"
"3830906973886677","5103578591",NULL,NULL,"3830906973886677","3830906973886677","我的天啊，果然世界之大无奇不有。我只是发个树洞希望大家真诚说点意见而已。结果评论有吐槽的，有说我瞎编的，真是吓到我了，嗯，我想第一次发树洞是尝试，那这是最后一次发树洞。","<a href=""http://app.weibo.com/t/feed/3722nD"" rel=""nofollow"">微博树洞</a>","Sun Apr 12 20:47:40 +0800 2015","4","8","35",NULL,NULL,NULL
"3830908232483281","5103578591",NULL,NULL,"3830908232483281","3830908232483281","树洞君，爱一个人好难。?","<a href=""http://app.weibo.com/t/feed/3722nD"" rel=""nofollow"">微博树洞</a>","Sun Apr 12 20:52:40 +0800 2015","8","28","67",NULL,NULL,NULL
"3830908371394912","1940798632",NULL,NULL,"3830908371394912","3830908371394912","从这里出发，约嘛[害羞]","<a href=""http://weibo.com/"" rel=""nofollow"">iPhone 6 Plus</a>","Sun Apr 12 20:53:13 +0800 2015","1","13","4",NULL,NULL,"http://ww2.sinaimg.cn/bmiddle/73ae3ca8jw1er32uyuvtbj20hs0dcaan.jpg"
"3830908568491714","2799878712",NULL,NULL,"3830908568491714","3830908568491714"," 如何叫醒熟睡的基友，新技能get！！！","<a href=""http://weibo.com/"" rel=""nofollow"">微博 weibo.com</a>","Sun Apr 12 20:54:00 +0800 2015","0","1","2",NULL,NULL,"http://ww3.sinaimg.cn/bmiddle/70e0a133gw1er1n0nrb9jg207q05ue84.gif"
"3830909490452793","5103578591",NULL,NULL,"3830909490452793","3830909490452793","我叫白云 是真的 你觉得好听么","<a href=""http://app.weibo.com/t/feed/3722nD"" rel=""nofollow"">微博树洞</a>","Sun Apr 12 20:57:40 +0800 2015","6","41","53",NULL,NULL,NULL
"3830910090298155","1736329970",NULL,NULL,"3830910090298155","3830910090298155","#赛事集锦#韦德拿下30分6板5助攻，但也没能帮热火止住连败。目前，热火与东部第八的胜场差已经被拉开到了2.5场，他们剩下的两个对手分别是魔术和76人，就算取得全胜，热火也要寄希望篮网和凯尔特人全输，他们才有晋级季后赛的希望……http://t.cn/RAaseEI","<a href=""http://weibo.com/"" rel=""nofollow"">微博 weibo.com</a>","Sun Apr 12 21:00:03 +0800 2015","22","24","68",NULL,NULL,"http://ww2.sinaimg.cn/bmiddle/677e4af2jw1er2t0dz73aj20go0aeadn.jpg"
"3830910480407073","1699540307",NULL,NULL,"3830910480407073","3830910480407073","【除了姚贝娜星，天上还有什么星？】在浩瀚的宇宙中，有约120颗以中国人名、地名、机构等命名的小行星。中国人第一次给小行星起了啥名? 谁给小行星起名叫周杰伦星?周董听说之后又说了什么?猛戳链接: 答案在这里。~ http://t.cn/RASoO48","<a href=""http://app.weibo.com/t/feed/173r1J"" rel=""nofollow"">三星Galaxy NOTE III</a>","Sun Apr 12 21:01:36 +0800 2015","15","20","44",NULL,NULL,"http://ww3.sinaimg.cn/bmiddle/654ced53jw1er3329t6jyj20oe0jcn81.jpg"
"3830910602871577","1341902602",NULL,NULL,"3830910602871577","3830910602871577","【山东鲁能—广州富力】乌索扳平比分！","<a href=""http://weibo.com/"" rel=""nofollow"">微博 weibo.com</a>","Sun Apr 12 21:02:05 +0800 2015","0","4","3",NULL,NULL,"http://ww4.sinaimg.cn/bmiddle/4ffbcf0agw1er3346kbnvg20b406a4qq.gif"
"3830911798147344","1341902602",NULL,NULL,"3830911798147344","3830911798147344","【山东鲁能—广州富力】主裁判认定阿洛伊西奥假摔，出示黄牌，两黄变一红，阿洛伊西奥被罚下。","<a href=""http://weibo.com/"" rel=""nofollow"">微博 weibo.com</a>","Sun Apr 12 21:06:50 +0800 2015","1","15","6",NULL,NULL,"http://ww1.sinaimg.cn/bmiddle/4ffbcf0agw1er338rf06rg20b406ax6p.gif"
"3830915321485221","2200249730",NULL,NULL,"3830915321485221","3830915321485221","【中学生因生理期不适未让座 被老人骂哭】近日，浙江宁波一女学生放学坐公交车回家，因生理期不适未能给几个老人让座而被骂哭。老人说她不仅读书差品行也差，要找学校领导。该女生发帖问道：“我姨妈疼不让座错了吗？骂了十多分钟还把我校牌拿走，我要怎么办？”http://t.cn/RAagAJK你怎么看？[思考]","<a href=""http://weibo.com/"" rel=""nofollow"">微博 weibo.com</a>","Sun Apr 12 21:20:50 +0800 2015","10","19","5",NULL,NULL,"http://ww4.sinaimg.cn/bmiddle/83252582jw1er33n9ybnzj20br0em76h.jpg"
"3831087518658744","1774800467",NULL,NULL,"3831087518658744","3831087518658744","【顺为与小米如何跳好“双人舞”？战略价值与财务回报协调】这家既不是纯粹的财务投资机构，也不是纯粹的小米科技战略投资部，却跟小米有着强协同效应的投资机构，是如何与小米进行合作的？又如何向独立LP解释其与小米的利益区隔？http://t.cn/RASBQPB","<a href=""http://app.weibo.com/t/feed/BbsPZ"" rel=""nofollow"">投资界</a>","Mon Apr 13 08:45:05 +0800 2015","0","1","6",NULL,NULL,"http://ww2.sinaimg.cn/bmiddle/69c94e53jw1er3nfoiiiyj20b405kjs0.jpg"
"3831097261385437","5103578591",NULL,NULL,"3831097261385437","3831097261385437","不知道我们能在一起多久，不过至少我们现在还没有分手","<a href=""http://app.weibo.com/t/feed/3722nD"" rel=""nofollow"">微博树洞</a>","Mon Apr 13 09:23:48 +0800 2015","9","13","71",NULL,NULL,NULL
"3831098519506240","5103578591",NULL,NULL,"3831098519506240","3831098519506240","我爱的你为什么总是伤透我的心","<a href=""http://app.weibo.com/t/feed/3722nD"" rel=""nofollow"">微博树洞</a>","Mon Apr 13 09:28:48 +0800 2015","4","13","49",NULL,NULL,NULL
"3831098616532878","1642292081",NULL,NULL,"3831098616532878","3831098616532878","火箭主场121-114战胜鹈鹕；哈登拿下30分7助攻，霍华德19分11篮板，布鲁尔20分；安东尼-戴维斯为鹈鹕贡献27分7篮板。","<a href=""http://app.weibo.com/t/feed/4ACxed"" rel=""nofollow"">iPad客户端</a>","Mon Apr 13 09:29:11 +0800 2015","16","35","55",NULL,NULL,"http://ww4.sinaimg.cn/bmiddle/61e36371jw1er3ocvh6ivj20ax0gdgnk.jpg"
"3831098834702871","1698513182",NULL,NULL,"3831098834702871","3831098834702871","【西媒：曼城有意再次追逐安切洛蒂】英超第32轮比赛，在曼切斯特德比中，曼城以2-4不敌曼联。比赛过后，西媒在报道中透露，曼城高层决定再次追逐安切洛蒂，以期改善球队成绩。据西媒消息，曼城最快能够在下周就得到安切洛蒂本人的答复。曼城在今年2月份曾经想和安切洛蒂签下合同了。","<a href=""http://weibo.com/"" rel=""nofollow"">微博 weibo.com</a>","Mon Apr 13 09:30:03 +0800 2015","18","27","14",NULL,NULL,"http://ww3.sinaimg.cn/bmiddle/653d411egw1er3nnd3zz6j20i40do0t7.jpg"
"3831099044625197","1649586835",NULL,NULL,"3831099044625197","3831099044625197","SpaceX’s Hans Koenigsmann: With upgrades to Falcon 9 booster and barge, expect 75-80% chance of landing first stage after Monday launch. 猎鹰9号升级之后，预计此次回收第一级的成功率在75-80%左右。","<a href=""http://app.weibo.com/t/feed/1JALDw"" rel=""nofollow"">索尼Z3</a>","Mon Apr 13 09:30:53 +0800 2015","0","1","2",NULL,NULL,"http://ww2.sinaimg.cn/bmiddle/6252b293jw1er3ora2anej20qo0hkac2.jpg"
"3831099781917182","5103578591",NULL,NULL,"3831099781917182","3831099781917182","最想听到WD对我说:你是我这辈子最害怕失去的人。。。","<a href=""http://app.weibo.com/t/feed/3722nD"" rel=""nofollow"">微博树洞</a>","Mon Apr 13 09:33:49 +0800 2015","2","10","33",NULL,NULL,NULL
"3831100683925354","1642634100",NULL,NULL,"3831100683925354","3831100683925354","【360新手机或采用无边框设计 酷派相关专利曝光】据国家知识产权局网站公布的专利信息显示，酷派已申请一项手机无边框技术专利，使用该专利的智能手机将可以实现无边框的视觉效果。路透社援引知情人士的消息，这项专利将被应用到奇虎360和宇龙酷派合作推出的新一代智能手机当中。http://t.cn/RASkUyR","<a href=""http://weibo.com/"" rel=""nofollow"">微博 weibo.com</a>","Mon Apr 13 09:37:24 +0800 2015","6","8","5",NULL,NULL,"http://ww1.sinaimg.cn/bmiddle/61e89b74jw1er3oy1m53uj20bu09n3zj.jpg"
"3831101035937971","5103578591",NULL,NULL,"3831101035937971","3831101035937971","树洞兄:请帮我转告刘慧静我爱她[男孩儿]","<a href=""http://app.weibo.com/t/feed/3722nD"" rel=""nofollow"">微博树洞</a>","Mon Apr 13 09:38:48 +0800 2015","0","13","53",NULL,NULL,NULL
"3831101069497284","1638781994",NULL,NULL,"3831101069497284","3831101069497284","【东部冲八形势】雄鹿锁定季后赛席位、步行者击败雷霆，东部冲八形势逐渐明朗。凯尔特人只需再赢一场Or步行者再输一场，就可晋级。第八个席位将在篮网、步行者、热火间产生，热火只存在理论上的晋级可能。热火出局后，若篮网步行者战绩相同，篮网将凭借常规赛交锋优势进入季后赛。@黎双富","<a href=""http://weibo.com/"" rel=""nofollow"">微博 weibo.com</a>","Mon Apr 13 09:38:56 +0800 2015","16","18","34",NULL,NULL,"http://ww1.sinaimg.cn/bmiddle/61add42ajw1er3oz57xcdj20ft0ja778.jpg"
"3831101786827855","1883881851",NULL,NULL,"3831101786827855","3831101786827855","【火箭121-114鹈鹕】雷霆与鹈鹕先后输球，且均剩2场比赛，雷霆需战绩超过鹈鹕方可晋级（平局鹈鹕晋级）。火箭仍排在西部第六，战绩与灰熊持平。哈登30分7助攻，霍华德19分11篮板，布鲁尔20分，约什15分7篮板。鹈鹕浓眉哥27分7篮板，霍利迪17分，庞德克斯特、阿西克、E戈登均13分http://t.cn/RASkFc6","<a href=""http://weibo.com/"" rel=""nofollow"">微博 weibo.com</a>","Mon Apr 13 09:41:47 +0800 2015","31","44","63",NULL,NULL,"http://ww3.sinaimg.cn/bmiddle/7049c17bjw1er3p2euhbej20gi0aztap.jpg"
"3831102298708051","5103578591",NULL,NULL,"3831102298708051","3831102298708051","20150308 嗯 三八快樂","<a href=""http://app.weibo.com/t/feed/3722nD"" rel=""nofollow"">微博树洞</a>","Mon Apr 13 09:43:49 +0800 2015","2","7","17",NULL,NULL,NULL
