,userid,name,description,url,user_domain,weihao,gender,followers_count,bi_followers_count,friends_count,statuses_count,favourites_count,ucreate_at,allow_all_act_msg,geo_enabled,verified,allow_all_comment,verified_reason,credibility
0,34776,爱随身,,,uc34776,,f,127,25,321,698,259,Thu Nov 24 21:20:14 +0800 2011,0,1,0,1,,2
1,273563223,期货投机者,长线交易，顺势加仓。,,jjo924,,m,391,105,334,930,44,Mon Oct 04 20:01:28 +0800 2010,0,1,0,1,,1
2,1001083534,劉少刀,讲不了真话，至少不讲假话。,,,,m,291,71,880,3343,54,Mon Apr 30 02:35:56 +0800 2012,0,1,0,1,,2
3,1001556027,用户wj9z1wurpj,,,,,m,0,0,0,0,0,Thu Mar 06 11:46:39 +0800 2014,0,1,0,1,,3
4,1008907501,V一剑V,,,,,m,18,0,63,339,7,Sat Jan 12 18:41:19 +0800 2013,0,1,0,1,,3
5,1025894963,真是激动人心的乱世啊,,,,,m,101,59,214,645,320,Mon Jul 12 10:43:46 +0800 2010,0,1,0,1,,3
6,1029457753,JC上下,假如没有明天，我该何去何从,,,,m,250,90,227,1424,197,Fri Jul 29 16:37:00 +0800 2011,0,1,0,1,,2
7,1043325954,人物,《人物》创刊于1980年，人民出版社主办，致力于提供中文世界最好的人物报道。我们有三个要素：当代史、个人、价值观。,http://blog.sina.com.cn/renwuzazhi,renwuzazhi,,m,261650,346,515,7462,517,Fri Oct 22 15:50:05 +0800 2010,1,0,1,1,《人物》杂志官方微博,0
8,1043804461,天地一沙鸥Real,,,,,m,0,0,1,1,0,Fri Mar 07 09:24:03 +0800 2014,0,1,0,1,,3
9,1049120464,专打击水产养殖专业户,我是战神 输了一万次,,,,f,157,60,197,8,209,Fri Aug 27 00:17:55 +0800 2010,0,1,0,1,,3
10,1053683387,QN柳成林,好好学习天天向上！@,,huoc,,m,546,247,534,2171,155,Fri Feb 25 12:27:38 +0800 2011,0,0,0,1,,1
11,1054508313,黄韬_交大法学院,上海交通大学凯原法学院副教授,http://blog.sina.com.cn/pkuhuangtao,huangtaokgls,,m,4699,437,876,5518,191,Fri Apr 15 04:06:30 +0800 2011,0,1,0,1,,0
12,1057270302,上海ouyang988,,,,,m,47,4,107,1046,11,Sun Feb 26 21:56:19 +0800 2012,0,1,0,1,,3
13,1058970240,瑞特万,,http://blog.sina.com.cn/zfq,jerychang,,m,491,25,414,12436,5,Thu May 27 11:14:41 +0800 2010,0,1,0,0,,3
14,1062701003,大刀王小五,就一俗人,,,,m,115,14,547,162,25,Wed Dec 08 19:51:14 +0800 2010,0,1,0,1,,2
15,1066734101,深海之鱼儿,没有无缘无故的爱，也没有无缘无故的恨。,,,571177328,m,223,61,360,806,19,Tue Mar 08 00:46:05 +0800 2011,0,1,0,1,,2
16,1074460023,开心毛豆001,知足常乐,http://blog.sina.com.cn/xlling0,,,f,219,45,87,258,1,Thu Feb 03 01:58:20 +0800 2011,0,1,0,1,,2
17,1075032554,zypfiesta,,,,,m,5,0,30,26,0,Wed Oct 07 11:23:21 +0800 2009,0,1,0,1,,3
18,1082896707,清华孙立平,,,,,m,105099,282,394,3210,16,Sat Feb 25 00:30:33 +0800 2012,0,1,0,1,,1
19,1083330475,大米是我,,,,,m,144,4,61,944,4,Tue Oct 20 13:35:27 +0800 2009,0,1,0,1,,3
20,1085455075,Hello-我是吕先森,我就是我。。。,http://blog.sina.com.cn/kevinlong,,,m,291,121,284,604,318,Sat Jul 10 04:17:12 +0800 2010,0,1,0,1,,2
21,1087168501,家在鸟市,,,,,m,268,3,177,3951,203,Thu Dec 17 21:11:54 +0800 2009,0,0,0,0,,3
22,1088468774,兔斯基-tsj,随性而已......,,,,f,967,312,588,5450,291,Thu Sep 09 10:06:25 +0800 2010,0,1,0,0,,2
23,1092800243,13点59分,人生每一个阶段都赋予着它的使命,http://blog.sina.com.cn/pigcoffee,,,f,676,169,456,3038,13,Mon Jun 21 23:46:04 +0800 2010,0,1,0,1,,1
24,1095775432,肖恩哥,????行业工作者,http://blog.sina.com.cn/goung1002,shawn0816,,m,647,77,697,6185,177,Sun Dec 27 18:14:43 +0800 2009,0,1,0,1,,1
25,1104295220,宗心00,待人以善者，善亦所趋。,,,,m,146,21,196,460,28,Fri Jan 18 21:56:14 +0800 2013,0,1,0,1,,2
26,1104808767,暴龙旭的背影控,,,,,f,50,11,23,47,1,Sat May 12 12:57:19 +0800 2012,0,0,0,0,,3
27,1106784857,尘兮2016,走马观花合适了，往事知多少。邺下遗风今犹在，只是朱红颜色老,,,,m,146,116,145,642,3,Sat Mar 01 22:58:00 +0800 2014,0,1,0,1,,1
28,1107476357,吃东西336,,,,,m,144,31,1154,973,2,Sat Mar 02 18:06:01 +0800 2013,0,1,0,1,,2
29,1108066570,LIANG兆东,静思～奋进！,,,,m,126,22,86,1425,33,Thu Apr 07 16:49:02 +0800 2011,0,1,0,1,,2
30,1111125267,重庆风入松,一介书生，两袖正气；三教略懂，四书稍会；五官齐整，六路欠顺；乐善好施，遇恶不畏；物质清贫，精神富贵。,,,,m,86,2,222,557,157,Fri Apr 20 20:44:06 +0800 2012,0,1,0,1,,2
31,1111681197,来去之间,三不代表：本帐号发言，一不代表大号，二不代表部门，三不代表公司~~如有误导，概不负责,,wflanker,,m,46425,825,2097,35279,3922,Fri Aug 28 16:34:05 +0800 2009,0,1,1,1,移动互联网分析师,0
32,1111995503,陈昕_18942,,,,,m,42,0,120,1125,4,Fri Apr 12 18:38:09 +0800 2013,0,0,0,1,,3
33,1118056281,小妮妮在干嘛,优艺德艺术幼儿园小一班小朋友,http://blog.sina.com.cn/sina,,,f,0,0,69,12,0,Sat Mar 08 06:59:56 +0800 2014,0,1,0,1,,3
34,1134359153,fangprc,1，返图刷屏见谅 2，玩WOW睇动画 3，间中研究电脑硬件 4，同声同气自己人 5，转的微博都是自己看。,,fangprc,,m,137,79,382,2395,88,Sun Jul 03 20:26:47 +0800 2011,0,1,0,1,,2
35,1135730184,乔豆麻袋NeFerry,geek，咖啡，美剧，夏洛克，Barista,http://blog.sina.com.cn/neferry,bravezhuyun,210100797,m,912,265,716,7944,473,Sat Dec 11 13:42:07 +0800 2010,0,1,0,0,,1
36,1138720834,思索更正,越安静就越安静,,,,m,500,44,101,2467,2,Tue Apr 06 13:49:52 +0800 2010,0,0,0,1,,1
37,1148552611,用户j4hlniuh68,,,,,m,0,0,1,1,0,Fri Mar 14 17:33:14 +0800 2014,0,1,0,1,,3
38,1150064073,SputnikZG,永远站鸡蛋一边的小石子儿。,,,,m,83,11,292,2383,2,Wed Jan 05 00:23:25 +0800 2011,1,0,0,0,,3
39,1158459144,黎明之门前的风笛手,happiness is a warm gun,,,,m,284,96,358,3919,17,Sat Dec 11 13:16:45 +0800 2010,0,1,0,1,,1
40,1170437072,良小牙85,淫贱贪玩，无节操,http://www.weibo.com/1170437072/,,,m,180,114,475,3071,22,Tue Oct 04 16:24:05 +0800 2011,0,1,0,1,,2
41,1182389073,任志强,退休老汉,http://blog.sina.com.cn/renzhiqiang,renzhiqiang,,m,28106526,165,174,77433,47,Fri Aug 28 16:36:03 +0800 2009,0,1,1,1,知名地产商,0
42,1182391231,潘石屹,永葆一颗纯洁、仁慈和意气风发的心。,http://blog.sina.com.cn/panshiyi,panshiyi,,m,17055000,92,97,21100,20,Fri Aug 28 16:34:07 +0800 2009,0,0,1,0,SOHO中国董事长潘石屹,0
43,1189958475,沉默的大众,屁民一枚,http://blog.sina.com.cn/letterlinko,qimingzihenmafan,,m,54,9,195,386,14,Wed Oct 14 15:52:50 +0800 2009,0,1,0,1,,2
44,1191552324,没籽的葡萄好吃,,,wsjxaut,,m,746,343,1744,42327,4360,Fri Oct 30 16:43:40 +0800 2009,0,1,0,0,,2
45,1192721315,桉爹,人生就像一杯茶，不会苦一辈子，但总会苦一阵子。,,,,m,99,19,327,719,27,Fri Jan 22 00:01:41 +0800 2010,0,1,0,1,,2
46,1193107083,踢足球的肖邦,无私者无畏。。。,,aaronjzh,,m,426,41,115,734,37,Fri Feb 04 20:51:34 +0800 2011,1,0,1,1,方正国际软件有限公司 BPM事业部 交通业务部 总监,1
47,1193447834,ycw_222,,,,,m,211,68,833,12497,34,Sat Apr 28 14:18:50 +0800 2012,0,1,0,1,,3
48,1193725273,中国企业家杂志,一本立于商业领袖的领袖商业杂志。我们的历史：创刊于1985年，中国主流商业财经杂志公认的领导者。 我们的未来：中国企业全球化进程的见证者。我们…,http://www.iceo.com.cn/,cne,,m,3819731,441,690,39943,210,Fri Aug 28 16:34:08 +0800 2009,1,1,1,1,《中国企业家》杂志官方微博,0
49,1193759402,木娄小楼,"All those moments will be lost in time, like tears in rain.",,sapphirelou,,f,1289,1,93,104,4,Fri Nov 19 14:05:16 +0800 2010,0,0,0,1,,2
50,1200289724,瑟尼钐,,,,,m,94,3,95,234,179,Wed Feb 24 00:35:30 +0800 2010,0,1,0,1,,2
51,1203003525,老蘇老了,开发点你觉得现在对你有用的东西，而不是你认为可能对别人有用的东西。Scratch your own itch,,sumiao,,m,1189,324,874,40106,246,Tue Sep 01 17:10:39 +0800 2009,0,1,0,0,,2
52,1205068634,让自由做主,对就是错,,qlshmj,,m,374,57,467,3629,19,Fri Dec 11 22:44:14 +0800 2009,0,1,0,0,,2
53,1213819477,晖晖77,,,,,f,328,147,217,221,0,Thu Dec 23 09:08:38 +0800 2010,0,1,0,1,,2
54,1221334250,那棵老枇杷,时常怀念家乡老宅后院的那棵老枇杷……,http://blog.sina.com.cn/love928815,zhangzhdan,,m,1335,10,135,28478,29,Wed Oct 14 11:13:35 +0800 2009,0,0,0,1,,1
55,1221467181,Paul_龙坡,国家的首要职责，不是发展经济，不是强大军事，而是维护社会的公平和正义，保障弱势群体不被淘汰！此为国之根本！,,longpo1988,,m,441,81,274,2576,7,Sat Mar 26 21:38:19 +0800 2011,0,1,0,1,,1
56,1222896500,11月的萧邦,事在人为。,http://blog.sina.com.cn/williamzeng,williamzeng,,m,436,148,590,2027,138,Wed Dec 30 01:11:39 +0800 2009,0,1,0,1,,1
57,1225229345,郑雨萌,没有低到尘埃里的种子，开不出花来。,http://blog.sina.com.cn/zhengyumengboke,zym19880825,109634165,f,401,124,267,1494,3,Mon Aug 16 17:33:50 +0800 2010,0,1,0,1,,1
58,1225737377,Hombre,专业PCB&PCBA电子销售,http://blog.sina.com.cn/hjppcb,hombre,,m,92,13,166,130,2,Sat Feb 06 21:35:44 +0800 2010,0,1,0,1,,2
59,1228641064,__蛋炒饭和西红柿炒鸡蛋,无论时光如何消逝，我始终坚信一如往昔。,,,,m,97,18,49,1383,27,Sat Dec 11 14:30:02 +0800 2010,0,1,0,1,,2
60,1229681500,白巧克力_skywalker,一个傻乎乎的中国人，保持着中国大部分农民的主要特征“真诚、老实”。,,,,m,192,45,216,2014,233,Mon Apr 18 20:27:25 +0800 2011,0,0,0,1,,2
61,1229753764,山财董彦岭,山东财经大学区域经济研究院院长、教授。研究领域为金融学、区域经济。研究院从事区域经济金融领域的科学研究、机构培训和规划编制工作。,http://blog.sina.com.cn/dyl68,,,m,1831,962,1139,25858,9,Sun Oct 11 20:12:13 +0800 2009,0,1,0,1,,1
62,1232433900,MrSun1111,,,,,m,37,8,208,85,2,Mon Jan 24 19:14:24 +0800 2011,0,1,0,1,,3
63,1232963545,snow李,江湖人称李小兔！喊兔兔 兔姐 亦可,http://blog.sina.com.cn/panda19870955,,,f,1302,101,217,6035,24,Mon Mar 29 11:24:27 +0800 2010,1,0,0,1,,1
64,1237830882,戴峻儿,咀嚼,,djh1213,,m,3943,135,172,62,1069,Wed Dec 28 22:40:54 +0800 2011,1,1,0,1,,2
65,1240066464,为赫本小姐开车, ,,,,m,68,19,376,206,34,Fri Jul 08 00:10:02 +0800 2011,0,1,0,1,,3
66,1241821854,小汪汪_财务数据挖掘与分析,你想知道哪些公司连续5年净资产回报率保存在15%以上吗？当然，你看年报可能看的眼都花了，手都酸了，轻松点，留言给我,http://blog.sina.com.cn/u/1241821854,,,m,4179,33,202,813,6,Thu Jan 06 20:56:05 +0800 2011,0,1,0,1,,1
67,1243151257,语莫动静体自然,"为了QQ,丢了微博，只好重新申请",,,,m,59,15,114,101,3,Sat Mar 30 06:55:28 +0800 2013,0,1,0,1,,2
68,1249948115,包子Ageha,,http://blog.sina.com.cn/guyu0913,guyu0913,,f,48,38,89,40,158,Sun Jan 30 21:40:29 +0800 2011,0,0,0,0,,3
69,1250898732,孔维道,孔子第七十八代非嫡系后裔 淘宝小店地址http://quanhong.taobao.com/,http://blog.sina.com.cn/kongcb,kongcb,319461666,m,1214,124,318,17625,23,Thu Mar 04 16:14:43 +0800 2010,0,1,0,0,,2
70,1251461184,败打脸,"对于跪习惯的人来说,那些争取站着权利的人都是反人类的异教徒.",http://blog.sina.com.cn/ali213,,,m,68,22,226,948,1,Sun Mar 20 22:29:30 +0800 2011,0,0,0,1,,2
71,1253846303,午后狂睡_Silent,Now I see the funny side，now I’m always smiling。天性凉薄，脾气不好，性格暴虐的养猫人士。,http://blog.sina.com.cn/leavingpriest,leavingpriest,,m,34982,188,204,30569,9,Mon Oct 19 23:20:11 +0800 2009,1,1,0,1,,1
72,1256538510,木棉先生爱生活,当你不能够再拥有的时候，你唯一可以做的，就是令自己不要忘记。,,,,m,758,76,293,1825,1,Sat Feb 13 19:50:05 +0800 2010,0,1,0,1,,1
73,1256737630,戈力道,丛容啊，从容。戈力道，给一刀。,http://blog.sina.com.cn,lidaoweibo,,m,423,29,230,9381,575,Sat Apr 03 08:12:51 +0800 2010,1,0,0,1,,1
74,1257976253,於是我試著假裝,夫本布衣，躬耕於魔都，苟全性命於天朝，不求聞達於官豪。,http://weibo.com/viewtifuldai,viewtifuldai,,m,814,230,460,7377,91,Sat Feb 27 02:52:45 +0800 2010,0,0,0,1,,1
75,1259403380,宇宙1530,渴时一滴如甘露，醉后添杯不如无。,,,,m,175,46,277,3156,31,Wed Aug 31 20:41:19 +0800 2011,0,1,0,1,,1
76,1261869374,徐永生Kevin,苟有恒，何必三更睡五更起；最无益，莫过一日暴十日寒,,,,m,782,350,812,10756,574,Thu Apr 19 17:59:49 +0800 2012,0,1,1,1,  海南唐王地产投资有限公司行政部长,1
77,1267331261,邱铭钧,京师律师：命运天注定；命运可以改变，能改变的命运也是命中注定；改变心态，命运即改变。,http://blog.sina.com.cn/woai5117,,,m,1699,594,1736,12168,2,Thu Dec 17 10:50:06 +0800 2009,0,1,0,1,,1
78,1271753217,王月王月,,,,,f,625,109,395,6599,37,Fri Jun 25 13:36:05 +0800 2010,0,1,0,1,,1
79,1280977241,DK_夏天来了,Sylvian_DK....最近一切正常！,http://blog.sina.com.cn/soochow,soochow,57430598,m,615,73,101,3626,34,Wed May 19 19:00:59 +0800 2010,1,0,0,1,,1
80,1281154960,醉梦絮语,喜欢游山玩水，看书、音乐、诗词歌赋。关心时政经济。中国微诗协会会员。,http://blog.sina.com.cn/yangzh8403,,,m,1135,469,1761,5137,654,Sat Nov 21 22:05:22 +0800 2009,0,0,0,1,,1
81,1281762594,毛翰,华侨大学文学院教授,http://blog.sina.com.cn/maohan8848,,,m,17961,544,1001,2042,32,Wed Feb 03 08:18:01 +0800 2010,0,1,1,1,华侨大学文学院教授,0
82,1281776560,童言真的无所忌,,,,,m,324,130,537,10545,1,Wed Apr 06 21:50:05 +0800 2011,0,1,0,1,,2
83,1282419364,我是小腻虫,生命不息折腾不止！小云控！高压线控！杯子控！。。。。。。各种控！,http://blog.sina.com.cn/carolspace,,,f,794,171,361,6480,5,Tue Mar 23 21:52:48 +0800 2010,0,1,0,1,,1
84,1282863770,雷国东,曾任国家政府上网工程服务中心总工程师，中国信用信息认证管理中心办公室主任兼投诉中心主任！现自主创业。喜欢互联网、旅行、摄影、美食......,http://leiboy.com,cityzone,,m,102005,70,128,3852,0,Thu Jan 21 23:21:35 +0800 2010,0,1,1,1,小红伞（北京）科技有限公司总经理、北京都市网 总经理,0
85,1283440131,好人孙玉良,中国贸促会建设分会物业服务委员会主任，中国物业管理师网主编，中国作家协会河北分会会员。,http://blog.sina.com.cn/dabudao808,dabudao808,,m,2333,295,1955,1147,1,Fri Aug 28 16:14:21 +0800 2009,0,1,1,1,北省任丘市辛中驿镇边渡口村副书记、农民作家，著有《游义梦水——孙玉良乱弹四大名著》,0
86,1287110083,沙金龙Aaron,初见咖啡馆 馆长,,shajinlong,,m,313,170,1235,262,2647,Tue Sep 28 12:59:38 +0800 2010,0,1,1,1,初见咖啡馆馆长沙金龙,2
87,1290323214,吴学梦,,,,,m,189,6,152,834,17,Tue Mar 27 14:51:56 +0800 2012,0,1,0,1,,2
88,1295850680,菀美生活,,,,,f,91,34,505,473,4,Tue Mar 06 09:33:40 +0800 2012,0,1,0,1,,2
89,1298473447,orthodoxist,投胎有风险，入世需谨慎。既然来了，何不留下故事再走......,http://blog.sina.com.cn/orthodoxist,orthodoxist,,m,1794,9,709,5302,421,Wed Oct 28 23:22:07 +0800 2009,1,0,0,0,,2
90,1300445832,小呀么0o小豆芽,谁的等待，恰逢花开。。。,,,,f,152,15,83,128,0,Fri Aug 02 16:14:24 +0800 2013,0,1,0,1,,2
91,1301249871,一秒钟变金鱼cy,不喜欢说话，容易暴露智商,http://blog.sina.com.cn/feeling0424,,,f,113,41,144,225,69,Wed Jul 28 22:09:07 +0800 2010,1,1,0,1,,2
92,1302434282,热带雨琳,微博招聘高级产品经理/产品经理欢迎推荐和自荐,,linlin1,100054321,f,3718,471,907,3679,168,Fri Aug 28 16:34:19 +0800 2009,0,1,1,1,新浪微博 王琳琳,0
93,1303266537,双宇森林,叶子的离开，是风的追求，还是树的不挽留！,http://blog.sina.com.cn/hcty007,,10082046,m,9529,455,1767,17550,5561,Wed Sep 02 13:20:07 +0800 2009,0,1,0,1,,1
94,1304436355,全向北,节奏之王,http://blog.sina.com.cn/nxdly,,,m,179,1,736,263,20,Tue Jul 13 17:58:51 +0800 2010,0,1,0,1,,2
95,1308108257,童筱轩就叫童筱轩,哈……没啥好说的……,,,,m,201,152,398,798,0,Fri Jul 27 14:25:57 +0800 2012,0,1,0,1,,2
96,1308362861,守凯,,http://blog.sina.com.cn/uchunter,hihunter,,m,279,113,193,1336,53,Wed Sep 23 13:09:20 +0800 2009,0,0,0,1,,2
97,1318266875,Nastygram,孩儿爹，喜小孩、汪、喵。,,hanleibeijing,,m,646,133,1924,19348,26263,Tue Feb 15 17:09:19 +0800 2011,0,0,0,1,,2
98,1322916613,藏獒的天空,"呵呵,我喜欢藏獒......",,,,m,394,6,149,458,113,Mon Dec 28 10:07:04 +0800 2009,0,0,0,0,,2
99,1323784251,彭晓风,足球 独立音乐 自驾游,,,,m,960,875,1014,7818,58,Mon Mar 14 00:45:35 +0800 2011,0,1,0,1,,2
100,1325156677,雪妖DawnSnow,【无为之初】水瓶座怪姐姐~~,http://blog.sina.com.cn/loveysnowfairy,lewoer,,f,833,98,207,34467,403,Thu Oct 07 21:09:37 +0800 2010,0,0,0,0,,2
101,1336921155,油菜大帝,有才 有爱 可信赖,,ggglong,,m,252,72,235,605,406,Fri Oct 02 18:48:39 +0800 2009,0,0,0,0,,2
102,1343056561,清水穿石,烟酒,,,,m,325,3,66,44140,384,Sat Oct 17 23:06:18 +0800 2009,0,1,0,1,,3
103,1345550332,十万砖家总教头,砖家们的教头，叫兽们的师爷，总桶们的统帅,http://blog.sina.com.cn/338866k,,,m,496,24,108,8607,0,Tue Oct 20 21:45:09 +0800 2009,0,1,0,1,,1
104,1355322963,IESTAR2004,弱水三千，只取一瓢饮,http://blog.sina.com.cn/iestar20042008,iestar2004,,m,311,77,125,1697,60,Wed Jan 13 11:10:01 +0800 2010,0,0,0,1,,1
105,1366281372,蘇-好好,傲娇女王。,,syj0722,,f,1259,23,98,131,61,Tue Jun 15 15:28:58 +0800 2010,0,0,0,0,,2
106,1371432565,HIPSFAN,无话可说,,hipsfan,,m,185,48,257,4258,8,Sun Oct 31 14:16:14 +0800 2010,0,0,0,1,,2
107,1378131404,召灵童子,灵魂有质量，精神很虚无；生死离凡身，飘荡在苍穹。,,,,m,6213,26,74,2614,2,Tue Sep 07 08:58:29 +0800 2010,1,0,0,1,,1
108,1393779571,陈虎微评论,致力中国深层改革推动的思想者和实践者，彰显客观犀利风格的独立时政财经评论人，中字头基金会负责人，福布斯中文网专栏作家。,http://blog.sina.com.cn/u/1393779571,,,m,53795,383,963,5008,6,Sat Jan 22 01:31:45 +0800 2011,0,1,1,1,独立评论人，受搜狐、网易、科学时报特约，撰写了大量的财经和社会评论,0
109,1395803655,北京夏国祥,作家 编辑 博客： http://blog.sina.com.cn/xywsynu,http://blog.sina.com.cn/xywsynu,,,m,7326,1441,1776,30165,78,Mon Jul 26 16:20:23 +0800 2010,0,1,1,1,夏永为，代表作《一本书学会人情世故》,0
110,1400224832,辰安巳逸,有学无类，心径自明。不论多么复杂的问题都有一条最简单的道理。,http://blog.sina.com.cn/u/1400224832,kingvvay,,m,1058,97,529,20966,243,Tue Feb 23 12:35:13 +0800 2010,0,0,0,0,,1
111,1400951485,让利润奔跑_Lgllp,此微博为浏览及收藏而设，为获知及娱乐女儿之用。,,,,m,176,12,702,1055,30,Thu May 20 08:46:14 +0800 2010,0,1,0,1,,2
112,1401388145,喵星人的女仆,锥子脸90后营销号自觉绕道～谢谢,,,,f,67,19,169,3625,170,Sun Jul 24 20:36:36 +0800 2011,0,0,0,0,,2
113,1401497853,国5宇子,,,liuseanyu,678060478,m,823,187,269,6349,3,Sun Feb 20 09:40:13 +0800 2011,0,1,0,1,,1
114,1401760347,天下独绝,中国人，属猴，懂电脑，爱学习， 喜欢SUV，恋旧。010900000126,,itbj,,m,1097,158,410,9600,863,Fri Oct 09 23:12:38 +0800 2009,0,1,0,1,,1
115,1402221512,火车窗外的灯火,,,john2000,,m,147,18,365,862,103,Mon Jan 03 19:50:03 +0800 2011,1,0,0,1,,2
116,1402774727,利息宝,利息网(51Saving.Com)是国内较早的致力于金融导航服务的提供商之一,,fanwilliam,,m,10842,33,353,3581,4931,Wed Jan 19 11:16:36 +0800 2011,0,1,0,1,,2
117,1403253227,自在忘荃,得魚而忘荃 得意而忘言,http://blog.sina.com.cn/zhouzhong2000,zhouzhong2000,,m,90,13,110,1622,189,Tue Oct 12 23:12:55 +0800 2010,0,1,0,1,,2
118,1403296025,剑之王者,鹤发童颜老神仙,http://blog.sina.com.cn/sking1997,,,m,833,68,103,4461,11,Tue Mar 09 16:41:02 +0800 2010,0,1,0,1,,1
119,1404477487,nisha123,,,,,m,72,29,789,198,7,Tue Mar 01 13:38:09 +0800 2011,0,1,0,1,,3
120,1405013412,bwwolf,未来基金经理她爸,http://blog.sina.com.cn/qyanqiyu1,bwwolf,209383819,m,2401,451,531,2791,1,Mon Mar 14 08:35:46 +0800 2011,0,1,0,1,,1
121,1406093903,Howellzhu,,,,,m,340,52,135,511,15,Tue May 31 13:33:20 +0800 2011,0,0,0,1,,2
122,1406408695,哑巴歌星,共氏保赤丸，光你妈靠吹闪闪发光的牛逼是不行的...,,,,m,195,27,503,3908,25,Sun May 15 18:54:07 +0800 2011,1,1,0,1,,2
123,1407829950,Allan戴,,,,,m,33,2,27,20,1,Sun Mar 07 22:55:45 +0800 2010,0,1,0,1,,3
124,1409344863,阿咪阿咪红,文化旅游产业投资，法律砖家,http://blog.sina.com.cn/guanyinshuxia,,,f,928,111,151,2184,10,Fri Nov 12 10:22:07 +0800 2010,0,1,0,1,,1
125,1409350917,顾灵犀,走进你的心里,,gulingxi,,f,718,167,625,3715,125,Wed Feb 24 13:10:35 +0800 2010,0,1,0,1,,1
126,1410788162,芝加哥学派,新加坡国立大学能源研究所高级研究员,http://blog.sina.com.cn/sunrain75,sunrain75,279928992,m,3974,304,394,7796,11,Thu Dec 17 23:52:33 +0800 2009,1,1,0,1,,0
127,1410807012,KingOX360,To be an eminent photographer.,,dragonyjd,,m,149,20,110,1250,0,Wed Mar 17 12:24:59 +0800 2010,0,1,0,1,,2
128,1411366070,南宫慕珊,,,,,f,498,53,87,2586,4,Tue Mar 23 11:21:18 +0800 2010,0,1,0,1,,2
129,1411407345,手机用户1411407345,,,,,m,15,0,30,1,0,Thu Mar 29 14:43:58 +0800 2012,0,1,0,1,,3
130,1418544911,何牧天V,天高云淡 牧草飞扬,http://blog.sina.com.cn,,,m,177,76,263,914,3,Wed Sep 22 12:23:22 +0800 2010,0,1,0,1,,2
131,1418801131,报恩de喵,女人，大美为心净，中美为修寂，小美为貌体。,,,,f,808,190,480,4842,1422,Sun Feb 07 16:42:48 +0800 2010,0,1,0,1,,1
132,1419741773,苏州郎心铁,说真话、说人话，有时也需要勇气。努力做一个无所畏惧的中小V。,http://blog.sina.com.cn/1963pyx,,,m,45832,1499,1790,48037,310,Tue Oct 06 00:00:49 +0800 2009,0,1,1,1,作者，代表作《生命20小时》《商贾苏州》,0
133,1419790104,一路即停,天天没事天天忙,http://blog.sina.com.cn/u/1419790104,showroad,,m,92,5,419,1660,17,Thu May 12 10:51:26 +0800 2011,0,1,0,0,,2
134,1420090595,翁石1420090595,渴望好空气，追求好环境。家中无化石能源车辆。,,,,m,152,18,296,1178,26,Sat Apr 21 10:28:04 +0800 2012,0,1,0,1,,2
135,1421309552,八一老妖,逍遥派，无仙庄，悠悠荡荡，摇摇晃晃。,http://hongsanxia.i.tiexue.net/,81laoyao,,m,806,351,571,30329,221,Wed Nov 23 17:36:49 +0800 2011,1,0,0,1,,1
136,1424327404,风寒笑的微博,,,,,m,203,22,70,580,0,Thu Jul 08 20:30:29 +0800 2010,0,1,0,1,,2
137,1424615113,关系空子羊勃起,膝盖中了一箭,,killvicdc,,m,471,123,292,11766,4,Thu Dec 16 15:29:46 +0800 2010,0,1,0,1,,1
138,1424729650,二姐乐呵呵,我和闺女的日常,http://blog.sina.com.cn/susanchn,susanchn,,f,343,20,218,1400,14,Thu Jan 07 17:00:55 +0800 2010,1,0,0,1,,1
139,1426172774,卢沟瞧月,大圭不琢 境随心转 相由心生 因慧域净 心明妙现 随缘妙用 人生如镜 柔和质直 真善美慧 学为人师 行为世范,http://blog.sina.com.cn/u/1426172774,donking1580,,m,8136,70,154,64001,42,Wed Oct 28 13:09:28 +0800 2009,0,1,1,1,北京聚合筋建筑修复技术中心 总工,1
140,1429212947,Orc_Ozzie,,,r4ex,,m,73,13,246,8602,40,Mon May 03 14:54:23 +0800 2010,0,0,0,0,,3
141,1431318185,忠孝东路西,主营包装公司上市，兼营宏观经济、财务会计、私募股权投资、社会、政治、国际政治、历史研究。微博言论仅代表个人观点，与个人所服务的单位无关。,http://blog.sina.com.cn/u/1431318185,charles841,,m,1074,105,191,1052,220,Thu Nov 05 13:07:31 +0800 2009,1,0,0,1,,1
142,1431708914,家乐0729,,,,,m,23,23,52,0,1,Fri Apr 29 17:42:40 +0800 2011,0,1,0,0,,3
143,1431713093,围炉-煮茶,,,,,m,408,41,571,4074,128,Fri Nov 05 23:00:33 +0800 2010,0,1,0,1,,2
144,1436175863,麓山枫红,,,,,m,33,1,39,16,6,Thu Oct 28 16:23:25 +0800 2010,0,1,0,1,,3
145,1442479777,MrHard,南越国某非著名高校资深民工。,http://blog.sina.com.cn/ilovekoko,ilovekoko,106068888,m,3539,808,925,28480,724,Wed Nov 18 09:40:13 +0800 2009,1,1,0,1,,1
146,1443111381,渔唱,常住破庙睡苔痕，惯吃野草乱树根；活到神情飘没处，更无真相有真魂,http://blog.sina.com.cn/singer12pm,bslade,,m,42,10,81,910,4,Mon Feb 22 09:46:21 +0800 2010,0,1,0,1,,2
147,1444078144,seecl,,http://blog.sina.com.cn/seecl,sbgovement,,m,120,31,102,960,37,Fri Jul 09 09:12:27 +0800 2010,0,1,0,1,,2
148,1457653563,云淡天才高,IT杂家,http://blog.sina.com.cn/u/1457653563,chinahky,,m,46,3,108,148,53,Tue Mar 22 12:43:40 +0800 2011,0,1,0,1,,2
149,1459240713,快乐王柴玉关,,,,,m,44,6,141,1,75,Wed Jan 20 14:52:21 +0800 2010,0,1,0,1,,3
150,1459919614,龚华-,中国社会大学首席科学家。教兽级混混，2B帮帮主，流氓局局长，裆总痒总书记，均痿主席。,,ghhhua,208181768,m,1055,410,598,117,60,Thu Oct 29 11:03:54 +0800 2009,1,1,0,1,,2
151,1463937554,嫂子放开我,"此号无节操,各种喷,不喜勿关注,爱好小清新的请关注我另外的首饰号",,,,m,329,77,141,2983,14,Wed Dec 22 15:35:19 +0800 2010,0,1,0,1,,1
152,1464548113,SAP山姆大叔,其实，这不是我想要的生活。,,,,m,396,73,328,67,5,Wed Mar 30 21:03:28 +0800 2011,0,1,0,1,,2
153,1464885664,Kai__Zhang,,http://blog.sina.com.cn/zkvi,zkvi,,m,64,17,145,293,7,Thu Oct 15 11:54:19 +0800 2009,0,0,0,1,,2
154,1469745394,派大星一起抓水母吧,金融民工,,,,m,102,28,744,496,307,Wed Apr 25 09:31:13 +0800 2012,0,1,0,1,,2
155,1484608377,xiehao2010,,,,,m,90,47,150,102,4,Mon Oct 10 18:13:27 +0800 2011,1,1,0,1,,2
156,1486084720,性感的生活在别处,人生一碗饭，两行文字间。以心为形役，怎能委心任去留？,http://user.qzone.qq.com/3712367,landy526,,m,6489,162,503,6584,20,Wed Oct 13 20:16:53 +0800 2010,0,1,0,1,,1
157,1488049591,考拉蜜蜂,"用脚步仗量世界,用眼睛捕捉精彩，用心灵感受生活，用双手记录?间。",,,,f,43,7,59,25,3,Thu Jun 23 22:34:33 +0800 2011,0,1,0,1,,3
158,1494025962,iBox,影视天使投资人，投资作品包括小时代4以及狼图腾等,,iboxing,206268688,m,834,191,421,2394,104,Wed Oct 14 23:50:29 +0800 2009,0,1,0,1,,1
159,1494931813,qtds,边走边看......不用走得太快，路上的风景很好,,qtdsswk,,m,203,31,152,1262,4,Sat Dec 05 22:29:48 +0800 2009,0,1,0,1,,2
160,1495081644,雷满天,一个文质彬彬的中年男人，潇洒异常，在夕阳下，手里拿着一个剧本，靠在大树下凝思。剧本展开的一页中间有一段话：“给赌徒只留地狱”,http://blog.sina.com.cn/u/1495081644,,,m,453,11,118,1616,2,Sat Dec 19 14:45:48 +0800 2009,0,1,0,1,,1
161,1495110473,超级无敌奥特慢,你可以没有天分，可以不聪明，但你一定要努力、一定要坚持，这是你后天唯一可以自主把握的资本。,http://blog.sina.com.cn/felixzou,zoudongchen,,m,739,150,805,8133,1197,Thu May 06 09:44:10 +0800 2010,0,1,0,1,,2
162,1497062323,reallymax,方案控,http://blog.sina.com.cn/reallymax26,reallymax,,m,690,530,1153,1135,14,Wed Sep 01 16:53:10 +0800 2010,1,1,0,1,,1
163,1497209182,期寄2012,,,jerryba,,m,52,31,114,547,80,Tue Nov 03 17:10:20 +0800 2009,0,1,0,1,,2
164,1503043954,渲楠,,http://blog.sina.com.cn/xuannan1128,xuannan1128,,f,525,94,141,1420,125,Tue Mar 16 10:18:30 +0800 2010,0,1,0,1,,1
165,1504356567,狐狸和尾巴,,http://blog.sina.com.cn/u/1504356567,founderbn,,m,1304,345,999,4867,176,Wed Jul 14 09:20:42 +0800 2010,0,1,0,0,,2
166,1504367357,XIGA_Jenny,,,liujiani,,f,48314,972,1059,8533,28,Wed Dec 30 09:43:39 +0800 2009,0,0,1,1,歌手，苏州百随生物科技有限公司总经理,1
167,1516397512,最北萨满,民众不傻，切勿自以为是！,,,,m,122,13,87,1892,233,Wed Oct 12 09:31:53 +0800 2011,0,1,0,1,,2
168,1517916214,米瑞蓉,小说＜留守男人＞作者，一个行走在文学边缘的人。,http://blog.sina.com.cn/wanbomiruirong,,,f,260818,588,646,36488,80,Fri Jan 08 13:19:22 +0800 2010,0,1,1,1,小说《留守男人》作者、成都市女企业家协会会长,0
169,1524257537,买买提x-OK,公众微信：indexfund,http://abc.com,leolee,,m,16504,593,2080,9937,243,Wed Oct 07 17:42:47 +0800 2009,1,0,0,1,,1
170,1554710050,傅盛,人生在世，总要做出一些让自己觉得NB的东西。,http://www.umiwi.com/video/detail6225,fusheng7878,,m,2821171,650,849,4850,153,Tue Nov 17 19:40:49 +0800 2009,0,1,1,1,猎豹移动（原金山网络）CEO,0
171,1559744842,绵绵不是小方,杀人不过头点地，没什么坎过不去！,http://blog.sina.com.cn/chenxiaofangde,,,f,996,16,82,8978,508,Wed Feb 24 15:27:05 +0800 2010,1,1,0,0,,2
172,1562926051,果粒橙在北平,C'est la vie,,jackcheng001,,m,336,185,517,741,29,Wed Feb 10 19:03:48 +0800 2010,0,1,0,1,,2
173,1564598265,投行研究与实务,,,,,m,5336,300,812,5119,19,Wed Nov 16 08:59:51 +0800 2011,0,1,0,1,,1
174,1568935821,谷歌不要退出中国,,,,,m,115,32,255,1606,391,Tue Mar 23 17:50:12 +0800 2010,0,1,0,1,,2
175,1572535061,forever21涛,他们都叫我帅哥,,litao2010,,m,1050,477,686,3528,1968,Sat May 29 10:46:32 +0800 2010,0,0,0,0,,2
176,1573207571,我的名字这么长会不会不太好啊,360安全卫士会员等级 全国第一名 沧桑浪子,http://blog.sina.com.cn/songzi1222,,,m,180,110,679,3354,6,Mon Mar 29 01:05:21 +0800 2010,0,1,0,1,,2
177,1580835237,董羲妍,为音乐而生，为设计而活。音乐与设计是我一生执着追求的信仰,http://blog.sina.com.cn/cici850619,,311088895,f,1900,362,618,15411,758,Fri Sep 25 22:12:57 +0800 2009,0,0,0,1,,1
178,1583145950,逗逼中的战斗希,天道酬勤,http://blog.sina.com.cn/xianghangxi,hangxigood,,m,207,97,226,795,648,Sat Nov 13 22:55:48 +0800 2010,0,1,0,1,,2
179,1585243247,海燕黑色的,人生如戏。戏如人生。,,haiyanblack,,f,813,43,703,15995,32,Tue Oct 20 21:18:48 +0800 2009,1,0,0,1,,2
180,1585713454,凯特主席,诸行无常，一切皆苦；诸法无我，寂灭为乐。,,catchairman,,m,830,52,519,6022,1703,Fri Sep 03 09:29:24 +0800 2010,0,0,0,1,,1
181,1592025363,燔禧,,http://blog.sina.com.cn/fanzheng69,farrahvan,,f,119,32,270,564,108,Wed Sep 08 14:42:14 +0800 2010,0,1,0,0,,2
182,1594218907,绛水河畔,把明天就地枪决。,,,,m,108,33,274,2266,2,Wed Aug 25 11:20:49 +0800 2010,0,1,0,1,,2
183,1595250453,快乐女生魏小美,,http://blog.sina.com.cn/xiaomeibj,wwqzw,,f,149,44,89,601,12,Tue Feb 23 15:30:36 +0800 2010,0,1,0,1,,2
184,1598597894,一句枉然,,,,,m,41,9,525,364,4,Sun Apr 15 10:41:29 +0800 2012,0,1,0,1,,3
185,1602135751,sfbdb,,,,,m,5,0,66,2029,833,Sat Jan 29 18:48:49 +0800 2011,0,0,0,0,,3
186,1610078611,贤莹定中,小贤，入网12年，在微博服务播客、电台、音乐、电影、演出行业及用户！三角龙电台大勾儿！,http://music.weibo.com,zhumianmian,206007999,f,16114,1474,2269,21376,610,Fri Aug 28 16:34:35 +0800 2009,0,1,1,1,新浪微博小贤，三角龙电台主播,0
187,1613538551,听一首动听的歌,”在一个多变世界里，让自己拥有一份自信、优雅与坚守。”RYAN GOULD古尔德高级定制，秉承精良工艺和纯正完美的设计，自诞生起就备受瞩目。,,,,m,134,7,61,2221,3,Sat Nov 05 23:40:41 +0800 2011,0,1,0,1,,2
188,1615143607,潘文大,我将于茫茫人海中访我唯一灵魂之伴侣；得之，我幸，不得，我命，如此而已。,http://blog.sina.com.cn/panwenda,panwenda,,m,20564,1689,1987,47427,1,Tue Sep 29 10:38:30 +0800 2009,0,0,1,0,《乐居》周刊副总编,0
189,1616168447,高中D等生,荣世！繁荣我们的世界，只因我们同心同行！,,believeyao,,m,290,14,62,17,0,Wed Jan 27 05:02:25 +0800 2010,1,0,0,1,,2
190,1616615193,王著杰,人人都有故事。,http://user.qzone.qq.com/505685724/infocenter,jaywongjoey,,m,333,231,296,95,2,Thu Aug 25 00:40:43 +0800 2011,0,1,0,1,,2
191,1624128925,lcoulee,你最珍贵D,,,,m,33,4,20,65,0,Fri Mar 23 21:54:19 +0800 2012,0,1,0,1,,3
192,1627825392,互联网的那点事,爆料、小道消息、内幕、抽奖、讨薪、挖掘美女...私信！,http://www.alibuybuy.com,alibuybuy,,f,2284977,590,708,34153,389,Fri Aug 28 11:55:09 +0800 2009,1,0,1,1,微博知名互联网观察家,0
193,1629044215,毛小民1,世事无常,http://blog.sina.com.cn/maoxiaomin2008,,,m,452,24,386,285,175,Fri Oct 01 10:01:46 +0800 2010,0,1,0,1,,2
194,1635057940,一起拼命追寻梦想的时光,花も花なれ、人も人なれ,,,,m,115,20,45,563,0,Sat Jun 16 00:08:44 +0800 2012,0,1,0,1,,2
195,1635447873,是婷妞,你遇見的事都是因你而生 你遇見的人都是為你而來,http://blog.sina.com.cn/xiaoting0129,xiaoting0129,910129125,f,1927,263,294,376,0,Wed Jul 21 11:09:58 +0800 2010,0,1,1,0,中国南方航空 乘务员,1
196,1636076593,生当优秀,独立之精神，自由之思想,,zhangzhiwei,312389888,m,931,128,254,1765,0,Fri Oct 02 21:59:23 +0800 2009,0,1,0,1,,1
197,1638782947,新浪财经,"新浪财经提供7*24小时财经资讯及全球金融市场报价,覆盖股票、债券、基金、期货、信托、理财、管理等多种面向个人和企业的服务。",http://finance.sina.com.cn,finance,,m,12222688,885,1359,89463,59,Fri Aug 28 16:34:39 +0800 2009,1,0,1,1,新浪财经官方微博,0
198,1641982553,孙礼纪事,探路军事传播新生态。砖栏好手，艳照行家。EDCer，PSKer。邮件联络：13810891977@vip.163.com,http://www.wxsun.com,wxsun,,m,205852,1413,2060,12959,4528,Thu Aug 27 14:51:37 +0800 2009,1,1,1,1,媒体网站军事记者，评论员,0
199,1642178897,Miss卓小胖,大风吹来的人,,shiningemma,,f,426,186,300,1088,39,Sat Aug 14 23:53:37 +0800 2010,0,1,0,1,,1
200,1642634100,新浪科技,欢迎在微信上关注新浪科技公众号：搜索techsina，或扫描链接中的二维码http://e.weibo.com/1642634100/yAMj6793P 周一到周六下午5点梳理当天重大新闻，我们会尽量回复。,http://tech.sina.com.cn/,sinatech,,f,10379487,690,1089,55499,25,Fri Aug 28 21:07:40 +0800 2009,1,1,1,1,新浪科技官方微博,0
201,1644779872,戴安娜要出发,,,annadai,,f,525,131,262,714,49,Thu Sep 03 21:32:25 +0800 2009,0,0,0,1,,2
202,1645551844,柒北辰,地势极而南溟深，天柱高而北辰远 。关山难越，谁悲失路之人？萍水相逢，尽是他乡之客。,http://blog.sina.com.cn/rexisme,rexbox,,m,2839,899,1565,2703,528,Mon Sep 07 10:34:16 +0800 2009,0,1,0,1,,1
203,1648181663,LeBron马杰,读十年语文，不如玩半年微博,http://blog.sina.com.cn/u/1648181663,,518525675,m,2114,57,158,3672,230,Sun Oct 23 10:30:29 +0800 2011,0,0,0,0,,1
204,1649281800,阿喀琉斯之惑-,为《中国证券报》、《中国黄金报》、《北京青年报》、《金融时报》撰稿；曾为中央人民广播电台经济之声汇市评论员,,fxguan,,m,639,225,464,2417,116,Wed Sep 23 20:35:20 +0800 2009,0,1,0,1,,1
205,1651750314,发一贴赚五毛,,,,,m,2787,57,185,380,8,Tue Oct 06 10:54:47 +0800 2009,0,1,0,0,,2
206,1651767720,-蓝秋绽放--,,,,,m,49,17,283,91,3,Sun May 08 13:58:25 +0800 2011,0,1,0,1,,3
207,1652043275,杨奕良plus,生生不息，繁荣昌盛……,,oisf,,m,188,22,150,2763,840,Wed Oct 07 16:55:42 +0800 2009,0,0,0,0,,2
208,1652142965,桂铁柱,走好,http://guilongxiaoqian.blog.163.com/,guitiezhu,,m,542,189,307,4359,7,Tue Mar 09 10:40:24 +0800 2010,0,1,0,1,,1
209,1652901097,老刘是同志,,,,,m,210,16,214,916,216,Sun Oct 11 10:17:58 +0800 2009,0,0,0,0,,2
210,1653104115,空的缸,惹的不是红颜祸水，得到全是柔情似水,,,,m,75,7,354,764,475,Mon Oct 12 00:25:07 +0800 2009,0,1,0,1,,2
211,1653485137,v领看看,,,,,m,93,0,234,272,0,Tue Oct 13 17:30:05 +0800 2009,0,0,0,0,,3
212,1653903262,天堂猪,非文艺，真青年：P,,helenhe0326,,f,890,307,549,2408,438,Thu Oct 15 13:32:27 +0800 2009,0,1,0,0,,2
213,1655135042,Dragon-Josh,精诚所至，金石为开--小龙,,joshgu,,m,363,137,334,1447,0,Tue Oct 20 23:11:12 +0800 2009,0,1,0,1,,1
214,1656841491,Poisons,纯粹是如此美丽,,wenclove,,m,914,86,222,10876,21,Wed Oct 28 17:02:52 +0800 2009,0,1,0,1,,1
215,1657236125,环球企业家杂志,《环球企业家》创刊于1993年7月，以推动中国商业国际化为使命，是国内惟一一本报道世界级企业及企业家最频密的顶级商业杂志,http://www.gemag.com.cn,gemag,,m,933253,806,909,21753,215,Fri Oct 30 11:28:11 +0800 2009,0,0,1,1,环球企业家杂志,0
216,1657818410,范良蔚elvis,。绝世淫魔,http://blog.sina.com.cn/hnflw,522flw,,m,1257,213,394,3051,0,Sun Nov 01 18:15:16 +0800 2009,0,1,0,1,,1
217,1657895150,墙头要倒不倒的草,爱电影 爱足球 更爱自由,,iaoqiang,,m,166,22,265,2652,53,Sat Aug 28 08:30:59 +0800 2010,0,1,0,1,,2
218,1659674492,左脚鞋与右脚鞋,,,,,f,328,3,1947,1372,0,Mon Nov 09 19:51:02 +0800 2009,0,1,0,1,,3
219,1660767761,愚民小红,,,,,m,309,8,222,4214,8,Sat Nov 14 09:06:35 +0800 2009,0,1,0,1,,3
220,1661633753,大貧民daihinmin,学歴 资格 経験 全て 持ち合わせちゃいませんけれど,http://blog.sina.com.cn/havenoface,havenoface,,m,177,70,400,633,1,Tue Nov 17 19:08:17 +0800 2009,0,1,0,0,,2
221,1662343683,今朝有酒醉,旅游控。酒店控。“美”控。致力于借助互联网颠覆众多传统行业的运营模式。,,ariesliu,,m,3589,296,469,16972,22,Fri Nov 20 17:59:25 +0800 2009,0,1,0,1,,1
222,1662994874,窦林卿,微信公众帐号：数字出版实务（ID：szcbsw）内测中，业内老友请多支持。,http://space.epuber.com/doulinqing,doulinqing,,m,20296,435,533,3329,37,Mon Nov 23 09:02:36 +0800 2009,1,1,1,0,资深数字出版人 新浪微博社区委员会专家成员窦林卿,0
223,1663151443,汽车家居梦,,http://user.qzone.qq.com/274558831/infocenter,green198907,,m,2358,1481,1736,571,21,Thu May 31 22:10:46 +0800 2012,0,1,0,1,,1
224,1663882254,笑笑在微微笑,,,,,f,8,1,9,111,0,Wed Sep 04 15:39:49 +0800 2013,0,1,0,1,,3
225,1664077505,-chiara是灰色的-,没死不代表活着。,http://www.5sing.com/4413624/default.html,loseecho,,f,406,75,165,27,1,Wed Apr 14 22:51:46 +0800 2010,0,1,0,1,,2
226,1666464530,s恹恹s,哇啦哇啦哇啦～～,,solamoney,,m,302,82,662,5505,868,Thu Jan 21 19:17:52 +0800 2010,0,1,0,0,,2
227,1669754142,一颗盛着满满少女梦的心,我相信，梦里能到达的地方，总有一天，脚步也能到达。,http://blog.sina.com.cn/happy9every2day,,,f,96,3,135,2666,8,Thu Feb 11 15:19:06 +0800 2010,0,1,0,1,,2
228,1670147771,朱九哥,马年吉祥,http://weibo.com/lixiaocha,lixiaocha,,m,4183,168,554,1493,107,Mon Dec 14 15:46:26 +0800 2009,0,0,0,1,,1
229,1670898244,方正集团,"这里是不断创新的方正集团。
师出北大，IT起家，会医疗也能制药，房地产、金融业悉心打理，还会大宗商品贸易。",,fzjt,,m,79672,60,124,1374,11,Wed Dec 16 23:22:13 +0800 2009,0,0,1,1,方正集团官方微博,0
230,1671070200,预见未来博客,未来是可以预见的。预见未来思想理论学说的创立，是人类社会又一笔新的极其宝贵的精神财富。预见未来思想理论学说必定在未来得到充分验证。,http://blog.sina.com.cn/yujianweilaiboke,yujianweilaiboke,234516869,m,4397,2678,2829,11383,1730,Thu Dec 17 16:00:33 +0800 2009,0,1,0,0,,1
231,1671745327,Sun孙嘉禾,V家/b站/中二病/精分/miku赛高/len/反逆のルルーシュ&Fate/Zero永远神作,http://blog.sina.com.cn/ahusunamanda,firefly397,,f,99,11,341,91,109,Sat Mar 13 11:46:03 +0800 2010,0,1,0,1,,2
232,1672019747,Carmen屺玘,现实可以比理想中更美好~~~,http://blog.sina.com.cn/jimobuku2008,,,f,182,46,558,3970,33,Mon Jun 21 14:48:38 +0800 2010,1,1,0,1,,2
233,1676677272,似水流年1242,,,,,m,713,146,580,12645,76,Thu Jan 07 10:49:06 +0800 2010,1,1,0,1,,3
234,1676990210,linxiaoshan,linxiaoshan的选择,,,,m,205,63,303,1456,7,Thu Dec 31 18:01:27 +0800 2009,0,0,0,1,,2
235,1677174792,万万撒--,不能看，不要想。闭着眼睛一条路走到底。,,,,f,330,85,155,965,634,Sat Feb 20 15:59:19 +0800 2010,0,1,0,1,,2
236,1679688787,1C-Design,吸磁,,,,f,312,95,268,242,3114,Sat Jan 09 12:38:36 +0800 2010,0,1,0,1,,2
237,1681174777,令狐克刚,诚实、上进的愤青！,,lh134,,m,192,25,79,2552,309,Tue Jan 12 22:47:17 +0800 2010,0,0,0,1,,2
238,1682772604,一肀麥,天地有大美而不言,,lh890317,316720270,m,592,29,676,2250,415,Sat Jan 16 16:43:47 +0800 2010,0,1,0,0,,2
239,1683189255,王延武,日拱一卒,,,413360794,m,218,70,350,2573,219,Sun Jan 17 16:38:20 +0800 2010,0,1,0,1,,2
240,1683359170,俄亥俄八爷,,http://augustlove.blogbus.com/,livecn,,m,1268,480,865,4451,107,Sun Jan 17 23:56:22 +0800 2010,0,1,1,1,北理工信息系统实验室 研究助理,1
241,1684387102,黑妹姐姐,看热闹,,,,f,161,34,254,756,583,Wed Jan 20 12:58:31 +0800 2010,1,1,0,0,,2
242,1685368025,沈动次,不要丧失勇气,,,,f,329,114,322,483,18,Sun Jul 03 13:16:20 +0800 2011,0,1,0,1,,2
243,1686989312,天道近,,http://louliqun.blog.163.com,,,m,263,14,265,948,666,Tue Feb 23 22:19:03 +0800 2010,0,1,0,1,,2
244,1687445053,互联网分析沙龙,互联网分析沙龙是一家为互联网从业人员提供实战知识分享的科技媒体,http://www.techxue.com,tianxuefeng,,m,553342,1906,2000,17525,2102,Fri Jan 29 17:56:30 +0800 2010,1,1,1,1,互联网分析沙龙 techxue.com官方微博,0
245,1687813654,骨子里的小正经儿,柠檬片，柚子皮，怎么叫都很好。带来清新的小风气的有爱女生。爱我的生活。奋斗也要带着青草般不变的希望。,,,,f,54,17,185,400,151,Sat Jan 22 14:54:23 +0800 2011,0,1,0,1,,2
246,1688769253,法疆留痕,把自己的工作感想、生活感悟及人生思考随时记录下来,http://blog.sina.com.cn/fajiangliuhen,,,m,1000,52,515,12429,358,Tue Feb 02 10:51:58 +0800 2010,0,1,0,1,,2
247,1691761292,叫兽易小星,作品全集jiaoshoutv.com 。简历发至hr@wanhetianyi.com。合作联系zhangcr@wanhetianyi.com,http://blog.sina.com.cn/jiaoshouxiaoxing,jiaoshoutv,,m,5678308,814,844,5087,445,Tue Feb 09 00:28:17 +0800 2010,1,0,1,1,导演，万合天宜合伙人,0
248,1692303195,Forever--在路上,,,,,m,1058,120,550,7626,86,Sun Dec 19 01:19:39 +0800 2010,0,1,0,0,,2
249,1692437250,johnny6492,假如没有无条件的宽恕和爱，仇恨和死亡将吞噬世界，基督徒，背包客，典型自由主义者，理想主义者。,http://www.douban.com/people/1438238/,,207898004,m,840,311,1645,2051,14,Wed Feb 10 09:37:41 +0800 2010,0,1,0,1,,2
250,1692521314,肥猪祁祁,,,kisei,,f,642,152,677,2925,174,Wed Feb 10 13:04:12 +0800 2010,0,1,0,1,,2
251,1692708762,Darren星橙,吉林大学和平校区微博校园大使，吉林大学人人校园广场总版主。相关工作请私信或邮件xingcheng@fm520.com,http://blog.sina.com.cn/u/1692708762,cofidence,740170188,m,3502,344,790,7591,51,Tue May 04 19:41:58 +0800 2010,0,1,1,1,中国校园之声DJ,0
252,1693469615,寂静黑森林,仰望星空，脚踏大地,,,,m,206,5,107,293,187,Fri Feb 12 20:37:34 +0800 2010,1,0,0,1,,2
253,1694992182,摇啊摇-姚啊姚,用成人的方式思考，用孩子的心生活,http://blog.sina.com.cn/jeffchangyy,yaoyingsb,,f,363,78,289,1116,403,Wed Apr 21 09:38:33 +0800 2010,0,0,0,1,,1
254,1695295231,坦克-妈妈,,,,,m,12,7,39,5,1,Thu Sep 09 15:33:25 +0800 2010,0,1,0,1,,3
255,1695841117,马后票,微信公众平台：mahoupiao 谢谢你的信任，不推荐股票也请不要咨询股票,http://blog.sina.com.cn/dadaozhijian123,dadaozhijian,,m,6921,42,514,11410,11,Wed Mar 10 07:58:40 +0800 2010,0,0,0,1,,1
256,1698058784,虽喜欢吃甜但我姓颜,What Would Jesus Do?,,yanfusheng,61940815,m,1514,194,252,93,14,Mon Feb 22 10:48:02 +0800 2010,0,1,0,1,,2
257,1698140161,庸人自扰的羊羊羊,Smash the beatles，khuu，khuu，khuu.....,,,,m,2412,160,1312,7644,2429,Mon Feb 22 13:35:18 +0800 2010,0,1,0,1,,2
258,1701030860,多浪之水,谁无暴风劲雨时，守得云开见月明。,,,529001225,m,12470,646,782,10170,11,Thu Jun 24 12:02:27 +0800 2010,0,1,0,1,,1
259,1701579881,玖阳大师,不崇拜，不高傲，理性思辨！,http://blog.sina.com.cn/abc379529,,,m,396,9,544,6357,284,Thu Apr 21 12:45:08 +0800 2011,0,0,0,0,,2
260,1704540003,blue郎,greed is good,http://zhwq.sinaapp.com,zhwq,,m,5368,125,206,3650,95,Thu Mar 04 09:46:36 +0800 2010,0,1,0,0,,1
261,1705266771,苍洱之歌,这个家伙是个愤青,http://blog.sina.com.cn/yndllkx,miediaoqq,,m,30,0,99,192,18,Fri Mar 05 14:10:43 +0800 2010,0,1,0,1,,2
262,1705494617,命運規劃鋦,非著名八字研究砖家，专业拍砖各种假大师！QQ184095193,,w13266663210,,m,1143,70,175,13495,36,Sun Dec 19 14:00:04 +0800 2010,0,1,0,1,,2
263,1706522384,刘苍澜,桀骜不驯，极度自负的天才，不择手段，却有一丝良心和底线的疯子。,,angelkillershadow,,m,518,6,245,1284,0,Sun Mar 07 16:08:43 +0800 2010,0,0,0,1,,2
264,1708737750,纯手机用户150,我就不信微博转发不能中奖！,http://blog.sina.com.cn/u/1708737750,,,m,191,10,405,1668,309,Mon Jan 02 10:32:53 +0800 2012,0,0,0,0,,2
265,1710454682,206里大风大浪ljty,1、在青春彻底和我说再见之前，干点自我感觉潮（嘲）的事情吧。2、昨夜梦见自己变身肌肉男。,http://blog.sina.com.cn/cylnba,,,m,711,164,402,7019,149,Sat Mar 13 23:38:32 +0800 2010,0,1,0,1,,1
266,1712924994,学毛积极分子,基本转载，怀疑一切,,,,m,2291,185,591,3561,11,Wed Mar 17 15:49:13 +0800 2010,0,1,1,1,中国环境报道网编辑蒙毅,1
267,1713440330,dybzd1001,能承担一点社会责任的男人,,htys007,,m,448,95,1936,3017,19,Thu Mar 18 10:45:31 +0800 2010,0,1,0,1,,2
268,1715118170,网路冷眼,网下架构师，网上围观客。,http://blog.sina.com/lewhwa,lewhwa,,m,14298,2472,2952,16525,2871,Sat Mar 20 20:28:36 +0800 2010,0,1,0,1,,1
269,1715255724,CanisIupusArctos,封号半年。,http://blog.sina.com.cn/u/1715255724,xueyeshiwo,,m,2232,339,397,27629,17,Sat Mar 20 23:02:10 +0800 2010,0,0,0,0,,2
270,1716501355,老林农,从山里来，到山里去。,,bushed,,m,83,16,32,46,0,Mon Mar 22 18:53:12 +0800 2010,0,1,0,1,,3
271,1716670322,演导安全王,作家/制片人/导演 大家好，我是安全王,,kilorocky,,m,2521,481,1754,40700,55,Mon Mar 22 23:12:08 +0800 2010,0,0,0,1,,2
272,1717382964,GuoCD,风一样的吕汉纸森碟锅✨我是小唱片！,,cindy1211,,f,874,247,582,3973,37,Tue Mar 23 23:10:43 +0800 2010,0,1,0,1,,1
273,1717603664,笑着哭y,诚意正心。我们都是苦行僧，一无所有，一路前行……,,,,m,328,93,422,2060,2304,Sat Sep 25 19:42:18 +0800 2010,0,1,0,1,,2
274,1720151053,黄鸟生白羽,看看这个世界,,,,m,809,328,896,1191,473,Sat Mar 27 23:45:40 +0800 2010,0,1,0,1,,2
275,1723538791,吴君强,没有冤枉的，只有幸运的。职业铲屎人。,,wujunxiaoqiang,,m,4469,411,726,5044,804,Thu Apr 01 22:45:08 +0800 2010,0,1,0,1,,1
276,1727313401,红旗还在,执着、乐观、技术男,,,,m,49,22,37,48,0,Fri Apr 09 09:03:40 +0800 2010,0,1,0,1,,3
277,1730341963,積斯卡,夜了...又破曉,,yyl007,,f,1259,116,333,803,155,Thu Apr 15 16:33:58 +0800 2010,1,0,0,1,,1
278,1731820840,表酱紫_会羞摄的,,,,,m,328,67,354,4342,28,Mon Jul 11 08:55:17 +0800 2011,0,1,0,0,,3
279,1732737300,非主流营销,机械设备,,wuhu0708,,m,234,17,359,1274,19,Wed Apr 21 09:27:04 +0800 2010,0,1,0,1,,2
280,1733115404,崇禅敬密拜净土,禅净密殊途同归，法无高下。,,,,m,142,26,347,1265,16,Thu Jun 17 13:35:30 +0800 2010,0,1,0,0,,3
281,1734151610,GFML,疲惫的双眼带着渴望,,,,m,218,50,296,2094,177,Sun Apr 25 00:16:01 +0800 2010,0,1,1,1,深圳航美基金管理有限公司COO马龙,2
282,1734471272,兜爷儿,个人观点，和任何人无关。,http://t.sina.com.cn/1734471272,mcdul616,316175000,m,546,75,276,1317,54,Mon Apr 26 00:56:46 +0800 2010,0,1,0,1,,1
283,1736713850,qingfengmaomao,,,,,f,113,41,110,260,82,Sat May 01 17:39:43 +0800 2010,0,1,0,0,,3
284,1737417497,鹏鹏冬,别人眼里的傻子，过脑不过心，青春一场盛大的流离失所一个喜新不厌旧的主！世上有多少人，希望都可互相陪着，走过这辈子，谁也不只是谁的过客,http://blog.sina.com.cn/andondon,andy19920421,,m,1241,119,871,3649,913,Mon May 03 20:52:57 +0800 2010,0,1,0,0,,2
285,1737640924,看地的,,,,,m,220,64,432,1122,19,Tue May 04 15:38:46 +0800 2010,0,1,0,0,,3
286,1740515363,夫子来敲门,湘北岳阳人氏，何莹，中国劳动关系学院工会学院 09.级社会工作本科生。南开大学周恩来政府管理学院2014级社会工作专业研究生。,http://blog.sina.com.cn/heyingloveciir,,,m,209,103,388,450,22,Sat Aug 14 22:49:35 +0800 2010,0,1,0,1,,2
287,1741535140,玩味草庐主人,睡到日上三竿，自古名利不如闲。,http://blog.sina.com.cn/u/1741535140,,,m,143,26,349,6130,21,Fri May 14 15:18:43 +0800 2010,0,1,0,1,,2
288,1742269283,逄龙飞凤舞,脚踏实地地仰望星空,http://blog.sina.com.cn/u/1742269283,onemillion,,m,1158,198,1714,8574,413,Sat May 15 22:10:11 +0800 2010,0,1,0,1,,2
289,1744682127,无语672013,,,,,f,22,1,108,56,5,Tue Nov 26 11:31:51 +0800 2013,0,1,0,1,,3
290,1746452500,美洲杯帆船赛,德国顶级独立品牌Lang&Heyne大中华区联络人，瑞士独立制表人Marc Jenni中国联络人，独立制表人学会AHCI联络,,glashuetteoriginal,338210505,m,4004,1101,2415,14493,2,Tue May 25 01:37:16 +0800 2010,0,0,0,1,,1
291,1746834832,石间田,世间一切事物中，人是第一可宝贵的。,http://blog.sina.com.cn/1746834832,tianbangleyuan,,m,3660,1060,1189,19865,49,Tue May 25 22:22:21 +0800 2010,0,0,1,1,  重庆益兆建筑工程有限公司 负责人,1
292,1747406147,齐维博,君子乐得做君子，小人冤枉做小人。,,,,m,582,139,838,4655,115,Thu May 27 12:12:33 +0800 2010,0,1,0,1,,1
293,1748024130,星喵星喵星喵,游戏 科研 广告 汉服,http://blog.sina.com.cn/lesleylesleylau,lesleylesleylau,,f,589,163,314,3679,8,Fri May 28 22:46:58 +0800 2010,0,1,0,1,,1
294,1748184134,阿戊,蜜蜂蜜蜂，你不要采他。,,,315153587,m,80,61,509,1524,140,Sat May 29 12:48:26 +0800 2010,0,1,0,1,,2
295,1748654295,Z笑笑xi,,,xiaolvxi,,f,805,14,85,126,1,Sun May 30 16:40:51 +0800 2010,0,0,0,0,,2
296,1749990115,北京青年报,新闻热线：65902020；发行热线：67756666；微信公众账号：beijingqingnianbao,http://www.ynet.com/,bjyouth,,m,2217735,527,718,34858,6173,Wed Jun 02 15:23:57 +0800 2010,1,0,1,1,北京青年报官方微博,0
297,1750007691,雾中之焰,"微博,记录生活点滴.",,shanwangzhuang,,m,204,59,668,2087,7,Wed Jun 02 16:06:39 +0800 2010,0,1,0,1,,2
298,1750029005,高饭饭,~o0 Fighting~,,cebx0lala,,f,705,172,336,1824,5,Wed Jun 02 16:58:12 +0800 2010,0,1,0,1,,1
299,1750199512,开源力量,向IT 技术大牛们学习！www.osforce.cn,http://www.osforce.cn,opensourceforce,,m,111312,634,2045,2968,4,Thu Jun 03 10:08:07 +0800 2010,0,1,1,1,上海源帆信息技术有限公司,0
299,1750199512,开源力量,向IT 技术大牛们学习！www.osforce.cn,http://www.osforce.cn,opensourceforce,,m,111312,634,2045,2968,4,Thu Jun 03 10:08:07 +0800 2010,0,1,1,1,上海源帆信息技术有限公司,0
